[{"model": "auth.user", "fields": {"password": "pbkdf2_sha256$120000$S4U6WxmFKJWV$jN7jREtAppROVHdC+mApUX2Z8Be4pGtu7MRWyeLCe/0=", "last_login": "2019-04-23T17:09:03.938Z", "is_superuser": true, "username": "admin", "first_name": "", "last_name": "", "email": "", "is_staff": true, "is_active": true, "date_joined": "2019-03-28T02:16:09.878Z", "groups": [], "user_permissions": []}}, {"model": "auth.user", "fields": {"password": "pbkdf2_sha256$120000$PXbnLKXYlofs$bwTpGkJoh/6uUe3Ej1SZE2ToGasT9HIUPxeFrybOv2E=", "last_login": null, "is_superuser": false, "username": "testuser9", "first_name": "Test", "last_name": "User9", "email": "testuser9@domain.com", "is_staff": false, "is_active": true, "date_joined": "2019-03-31T13:53:43.460Z", "groups": [], "user_permissions": []}}, {"model": "auth.user", "fields": {"password": "pbkdf2_sha256$120000$gjtv8EAp3tq1$a775QCt13aAYtnJIqaxPE3Yr3kcQFeCgnqEeP8P3sx0=", "last_login": "2019-04-23T17:07:35.916Z", "is_superuser": false, "username": "teststaff9", "first_name": "Test", "last_name": "Staff4", "email": "teststaff4@domain.com", "is_staff": false, "is_active": true, "date_joined": "2019-03-31T14:50:01.019Z", "groups": [], "user_permissions": []}}, {"model": "auth.user", "fields": {"password": "pbkdf2_sha256$120000$S10MYW3yxEId$n3nsmTJaVKHLuQQAWrwxWD6XNdjNLIcj4C/DgOzyOu4=", "last_login": "2019-04-18T13:59:52.960Z", "is_superuser": false, "username": "teststaff5", "first_name": "Test", "last_name": "Staff5", "email": "teststaff5@domain.com", "is_staff": false, "is_active": true, "date_joined": "2019-03-31T14:52:52.289Z", "groups": [], "user_permissions": []}}, {"model": "auth.user", "fields": {"password": "pbkdf2_sha256$120000$firZzGicU74E$WDMEpcqTrCYfbarNpUONoqaaSnhXKynBGAv+XElrta4=", "last_login": "2019-04-23T18:35:56.985Z", "is_superuser": false, "username": "test_user_1", "first_name": "Test", "last_name": "User1", "email": "michelkallas97@gmail.com", "is_staff": false, "is_active": true, "date_joined": "2019-04-02T09:54:05Z", "groups": [], "user_permissions": []}}, {"model": "auth.user", "fields": {"password": "pbkdf2_sha256$120000$oUW5RP5MCbo0$lzXXPhd2z9rNEwAeVD6TAiLhuPOhbIy91BsKMVdMaXw=", "last_login": "2019-04-23T16:17:19.101Z", "is_superuser": false, "username": "test_user_2", "first_name": "Test", "last_name": "User2", "email": "testuser2@domain.com", "is_staff": false, "is_active": true, "date_joined": "2019-04-02T09:57:50.734Z", "groups": [], "user_permissions": []}}, {"model": "auth.user", "fields": {"password": "pbkdf2_sha256$120000$umlTd7dHUj9T$1DrH6zM4xuutXp5QiPGHLgng1MXpQIGkZMJFck3lXXA=", "last_login": "2019-04-07T14:48:32.311Z", "is_superuser": false, "username": "test_user_6", "first_name": "Test", "last_name": "User3", "email": "testuser3@domain.com", "is_staff": false, "is_active": true, "date_joined": "2019-04-02T10:02:33.677Z", "groups": [], "user_permissions": []}}, {"model": "auth.user", "fields": {"password": "pbkdf2_sha256$120000$wzo05VOYgoJh$fvmMC2YThtcLE2uZK4wLci4buHzQPr7S89/wTlUL/Ak=", "last_login": "2019-04-07T19:51:48.437Z", "is_superuser": false, "username": "test_user_7", "first_name": "Test", "last_name": "User4", "email": "testuser4@domain.com", "is_staff": false, "is_active": true, "date_joined": "2019-04-07T14:23:38.802Z", "groups": [], "user_permissions": []}}, {"model": "auth.user", "fields": {"password": "pbkdf2_sha256$120000$Oyq49FFf2Xtq$dRJlLWTuG1XEFnsBpAyAYZG3Bi3r2ZSYuRmY216B4UA=", "last_login": "2019-04-07T15:15:34.757Z", "is_superuser": false, "username": "test_user_5", "first_name": "Testing", "last_name": "User", "email": "testuser5@domain.com", "is_staff": false, "is_active": true, "date_joined": "2019-04-07T15:15:27.846Z", "groups": [], "user_permissions": []}}, {"model": "auth.user", "fields": {"password": "pbkdf2_sha256$120000$mxO5kfy2o3vX$7Tj+mJbJjwqvSjRpLCtmb7zu4lnfKKeqJF/44l4sL/4=", "last_login": "2019-04-20T14:00:17.063Z", "is_superuser": false, "username": "testuser", "first_name": "Test", "last_name": "User", "email": "testuser@domain.com", "is_staff": false, "is_active": true, "date_joined": "2019-04-09T18:44:10.350Z", "groups": [], "user_permissions": []}}, {"model": "auth.user", "fields": {"password": "pbkdf2_sha256$120000$bqlklsM8RodF$VtMWTf3nfp3ZJBQ5vXZSIW8fLINEvPAk1xc7ViGcylU=", "last_login": "2019-04-16T20:03:59.575Z", "is_superuser": false, "username": "test_staff_10", "first_name": "Test", "last_name": "Staff10", "email": "teststaff10@domain.com", "is_staff": false, "is_active": true, "date_joined": "2019-04-16T20:03:46.765Z", "groups": [], "user_permissions": []}}, {"model": "auth.user", "fields": {"password": "pbkdf2_sha256$120000$Qau3teSTZoSz$K0RoH1294hpVuPvlUJfpKzZHXXJ5g6xVMCsNM2qtxEE=", "last_login": "2019-04-23T02:14:25.845Z", "is_superuser": false, "username": "test_user_report", "first_name": "Test", "last_name": "UserReport", "email": "testuserreport@domain.com", "is_staff": false, "is_active": true, "date_joined": "2019-04-16T23:03:54.679Z", "groups": [], "user_permissions": []}}, {"model": "auth.user", "fields": {"password": "pbkdf2_sha256$120000$ldPv7aq33t0P$yx088JfmjVWOcPtxd9RVM5Jhn3czr2PEPAj5zQQAxaY=", "last_login": null, "is_superuser": false, "username": "test_user_report2", "first_name": "Test", "last_name": "UserReport2", "email": "testuserreport2@domain.com", "is_staff": false, "is_active": true, "date_joined": "2019-04-16T23:05:06.366Z", "groups": [], "user_permissions": []}}, {"model": "auth.user", "fields": {"password": "pbkdf2_sha256$120000$mqhum4Zw0vxA$Ztu1NDHYKw/6BAKgObHPFIsTWpZkhs7+N32BExPMsSg=", "last_login": "2019-04-17T01:53:36.135Z", "is_superuser": false, "username": "test_user_cart", "first_name": "Test", "last_name": "UserCart", "email": "testusercart@domain.com", "is_staff": false, "is_active": true, "date_joined": "2019-04-17T01:53:27.728Z", "groups": [], "user_permissions": []}}, {"model": "auth.user", "fields": {"password": "pbkdf2_sha256$120000$RCTVTstATBFj$qmpl2p2s6mEh6W3TVNiHSlW4XYRHV/9hq++lrwUs/cM=", "last_login": null, "is_superuser": false, "username": "teststaffcart", "first_name": "Test", "last_name": "StaffCart", "email": "teststaffcart@domain.com", "is_staff": false, "is_active": true, "date_joined": "2019-04-17T01:54:50.825Z", "groups": [], "user_permissions": []}}, {"model": "auth.user", "fields": {"password": "pbkdf2_sha256$120000$gjS6CUba4A3J$W6IoYwB7bZhlABEVva93DNFMJRMO0lidqEeF7WaU7W8=", "last_login": null, "is_superuser": false, "username": "teststaffmanage", "first_name": "Test", "last_name": "StaffManage", "email": "teststaffmanage@domain.com", "is_staff": false, "is_active": true, "date_joined": "2019-04-18T13:54:57.803Z", "groups": [], "user_permissions": []}}, {"model": "auth.user", "fields": {"password": "pbkdf2_sha256$120000$GNs5lLMN09uC$tBUUVvlXd9pskT/A3gQqCUvcg8FYH5/8Bxfo0zJCq3U=", "last_login": null, "is_superuser": false, "username": "test_staff_last", "first_name": "Test", "last_name": "StaffLast", "email": "teststafflast@domain.com", "is_staff": false, "is_active": true, "date_joined": "2019-04-23T02:03:34.809Z", "groups": [], "user_permissions": []}}, {"model": "sessions.session", "pk": "1avcknmqpch1m2p4asqr6ih57jy974rm", "fields": {"session_data": "NDA5Mzk2MzkyMTE2NzExOTA1YTQzZmJmZjQ1YWE0YjM4Nzg3MGM0Yjp7Il9hdXRoX3VzZXJfaWQiOiIyMSIsIl9hdXRoX3VzZXJfYmFja2VuZCI6ImRqYW5nby5jb250cmliLmF1dGguYmFja2VuZHMuTW9kZWxCYWNrZW5kIiwiX2F1dGhfdXNlcl9oYXNoIjoiN2M2MTJlOTlmZWQ2MTdhYzI0NjJiNWVlYTM3N2E0MzI1ZDhmMzllMCJ9", "expire_date": "2019-05-04T15:27:09.609Z"}}, {"model": "sessions.session", "pk": "26u6ffvlrf9k0yny9ob0ihrmmjna374l", "fields": {"session_data": "YTZmNDBhM2VlYWNhZWIzYTM3NjcwMTEwMjhjMDE0MDQyYjU0NGQ0Yjp7Il9hdXRoX3VzZXJfaWQiOiIyMyIsIl9hdXRoX3VzZXJfYmFja2VuZCI6ImRqYW5nby5jb250cmliLmF1dGguYmFja2VuZHMuTW9kZWxCYWNrZW5kIiwiX2F1dGhfdXNlcl9oYXNoIjoiY2ZjZjE2NDcxMzUwNmE3M2ZlNTI1MzE3NjczM2E2OWNhYTFhZTQxYiJ9", "expire_date": "2019-04-16T09:58:32.876Z"}}, {"model": "sessions.session", "pk": "4wfps3f2c3pgfl00dzps2v6ujid3512d", "fields": {"session_data": "NTEwMDI5ZjliMWY5NDZjMmVhYTdiNzA1NjJiZTBkOTA2ODk3YTNjZDp7Il9hdXRoX3VzZXJfaWQiOiIxIiwiX2F1dGhfdXNlcl9iYWNrZW5kIjoiZGphbmdvLmNvbnRyaWIuYXV0aC5iYWNrZW5kcy5Nb2RlbEJhY2tlbmQiLCJfYXV0aF91c2VyX2hhc2giOiIwMTQ2MmU5NmM5NjkyZGY2ZmJkNjIwOTZmYjM1NDNhNzE5ZmQ1MzI3In0=", "expire_date": "2019-04-11T15:25:44.109Z"}}, {"model": "sessions.session", "pk": "556x8xmr3yz9rootnpg1oybeghz58u7l", "fields": {"session_data": "NTEwMDI5ZjliMWY5NDZjMmVhYTdiNzA1NjJiZTBkOTA2ODk3YTNjZDp7Il9hdXRoX3VzZXJfaWQiOiIxIiwiX2F1dGhfdXNlcl9iYWNrZW5kIjoiZGphbmdvLmNvbnRyaWIuYXV0aC5iYWNrZW5kcy5Nb2RlbEJhY2tlbmQiLCJfYXV0aF91c2VyX2hhc2giOiIwMTQ2MmU5NmM5NjkyZGY2ZmJkNjIwOTZmYjM1NDNhNzE5ZmQ1MzI3In0=", "expire_date": "2019-04-14T18:37:27.383Z"}}, {"model": "sessions.session", "pk": "61wj2sceudsy6bdneub84s8ms44u3sl8", "fields": {"session_data": "MjhmOGQ2MGI5ODUxZjIwZGJkMDYwMTRkYmE4NDVkZGNmYjQ2NTEyYTp7Il9hdXRoX3VzZXJfaWQiOiIxMCIsIl9hdXRoX3VzZXJfYmFja2VuZCI6ImRqYW5nby5jb250cmliLmF1dGguYmFja2VuZHMuTW9kZWxCYWNrZW5kIiwiX2F1dGhfdXNlcl9oYXNoIjoiN2ZhODU2NDJjMzQwY2Q2OWQyZTU3YTk2ZDI2ZjAyMWNiZjY3ZDJjMiJ9", "expire_date": "2019-04-15T17:11:43.597Z"}}, {"model": "sessions.session", "pk": "6vy2kqlh8nx2scvdo2qxybipq7fzbmxr", "fields": {"session_data": "NTEwMDI5ZjliMWY5NDZjMmVhYTdiNzA1NjJiZTBkOTA2ODk3YTNjZDp7Il9hdXRoX3VzZXJfaWQiOiIxIiwiX2F1dGhfdXNlcl9iYWNrZW5kIjoiZGphbmdvLmNvbnRyaWIuYXV0aC5iYWNrZW5kcy5Nb2RlbEJhY2tlbmQiLCJfYXV0aF91c2VyX2hhc2giOiIwMTQ2MmU5NmM5NjkyZGY2ZmJkNjIwOTZmYjM1NDNhNzE5ZmQ1MzI3In0=", "expire_date": "2019-04-15T09:14:14.223Z"}}, {"model": "sessions.session", "pk": "85tfzl5yn1wpalqoziqcu8tccchd7sfy", "fields": {"session_data": "NTEwMDI5ZjliMWY5NDZjMmVhYTdiNzA1NjJiZTBkOTA2ODk3YTNjZDp7Il9hdXRoX3VzZXJfaWQiOiIxIiwiX2F1dGhfdXNlcl9iYWNrZW5kIjoiZGphbmdvLmNvbnRyaWIuYXV0aC5iYWNrZW5kcy5Nb2RlbEJhY2tlbmQiLCJfYXV0aF91c2VyX2hhc2giOiIwMTQ2MmU5NmM5NjkyZGY2ZmJkNjIwOTZmYjM1NDNhNzE5ZmQ1MzI3In0=", "expire_date": "2019-04-13T15:19:38.714Z"}}, {"model": "sessions.session", "pk": "977t2r90pxzj4bys0r1la2yfruq135zi", "fields": {"session_data": "N2RlMWY1MGRlNjAxMWMwZTE2YWQ4NTc4MDBjNTVmYjVmZjg1NTNiZDp7Il9hdXRoX3VzZXJfaWQiOiIxMSIsIl9hdXRoX3VzZXJfYmFja2VuZCI6ImRqYW5nby5jb250cmliLmF1dGguYmFja2VuZHMuTW9kZWxCYWNrZW5kIiwiX2F1dGhfdXNlcl9oYXNoIjoiOTZlMzQ4Y2VjNjQ4YTJjM2VmN2QxMzdhMGI5MTZkYjZiODI1ZGUzMCJ9", "expire_date": "2019-04-15T23:58:08.027Z"}}, {"model": "sessions.session", "pk": "9bi6jg8eyrijqg1qg5utnj50uns8fk0x", "fields": {"session_data": "NDA5Mzk2MzkyMTE2NzExOTA1YTQzZmJmZjQ1YWE0YjM4Nzg3MGM0Yjp7Il9hdXRoX3VzZXJfaWQiOiIyMSIsIl9hdXRoX3VzZXJfYmFja2VuZCI6ImRqYW5nby5jb250cmliLmF1dGguYmFja2VuZHMuTW9kZWxCYWNrZW5kIiwiX2F1dGhfdXNlcl9oYXNoIjoiN2M2MTJlOTlmZWQ2MTdhYzI0NjJiNWVlYTM3N2E0MzI1ZDhmMzllMCJ9", "expire_date": "2019-04-28T14:08:42.098Z"}}, {"model": "sessions.session", "pk": "dncquv0f1rx6mzmd0r3dd8lcmwn4mjp4", "fields": {"session_data": "ZDE1MzJjZTA5NDZiY2E3MTVkNzA1N2Q5ODViYmQ1OTEwOTgxYmE2MTp7Imdvb2dsZS1vYXV0aDJfc3RhdGUiOiJibDVJV0V6eTRtTmNZTE9mcVl2dHVxdlRUeko1QkdYeCJ9", "expire_date": "2019-04-23T02:05:32.367Z"}}, {"model": "sessions.session", "pk": "e57j55s8atkx0jmqngl9dmbrbmhif5m7", "fields": {"session_data": "NDA5Mzk2MzkyMTE2NzExOTA1YTQzZmJmZjQ1YWE0YjM4Nzg3MGM0Yjp7Il9hdXRoX3VzZXJfaWQiOiIyMSIsIl9hdXRoX3VzZXJfYmFja2VuZCI6ImRqYW5nby5jb250cmliLmF1dGguYmFja2VuZHMuTW9kZWxCYWNrZW5kIiwiX2F1dGhfdXNlcl9oYXNoIjoiN2M2MTJlOTlmZWQ2MTdhYzI0NjJiNWVlYTM3N2E0MzI1ZDhmMzllMCJ9", "expire_date": "2019-04-21T19:58:21.650Z"}}, {"model": "sessions.session", "pk": "e7oaazvgwkbf0imb9t5i6edst71owu8j", "fields": {"session_data": "NTEwMDI5ZjliMWY5NDZjMmVhYTdiNzA1NjJiZTBkOTA2ODk3YTNjZDp7Il9hdXRoX3VzZXJfaWQiOiIxIiwiX2F1dGhfdXNlcl9iYWNrZW5kIjoiZGphbmdvLmNvbnRyaWIuYXV0aC5iYWNrZW5kcy5Nb2RlbEJhY2tlbmQiLCJfYXV0aF91c2VyX2hhc2giOiIwMTQ2MmU5NmM5NjkyZGY2ZmJkNjIwOTZmYjM1NDNhNzE5ZmQ1MzI3In0=", "expire_date": "2019-04-14T11:49:07.903Z"}}, {"model": "sessions.session", "pk": "hy67yx3d8xo2da53f9xh51htsa2d0r3z", "fields": {"session_data": "NTEwMDI5ZjliMWY5NDZjMmVhYTdiNzA1NjJiZTBkOTA2ODk3YTNjZDp7Il9hdXRoX3VzZXJfaWQiOiIxIiwiX2F1dGhfdXNlcl9iYWNrZW5kIjoiZGphbmdvLmNvbnRyaWIuYXV0aC5iYWNrZW5kcy5Nb2RlbEJhY2tlbmQiLCJfYXV0aF91c2VyX2hhc2giOiIwMTQ2MmU5NmM5NjkyZGY2ZmJkNjIwOTZmYjM1NDNhNzE5ZmQ1MzI3In0=", "expire_date": "2019-04-16T09:33:21.355Z"}}, {"model": "sessions.session", "pk": "hzexyog7pbuihdzclpevj3smx4n3cycc", "fields": {"session_data": "NTEwMDI5ZjliMWY5NDZjMmVhYTdiNzA1NjJiZTBkOTA2ODk3YTNjZDp7Il9hdXRoX3VzZXJfaWQiOiIxIiwiX2F1dGhfdXNlcl9iYWNrZW5kIjoiZGphbmdvLmNvbnRyaWIuYXV0aC5iYWNrZW5kcy5Nb2RlbEJhY2tlbmQiLCJfYXV0aF91c2VyX2hhc2giOiIwMTQ2MmU5NmM5NjkyZGY2ZmJkNjIwOTZmYjM1NDNhNzE5ZmQ1MzI3In0=", "expire_date": "2019-04-13T13:13:27.183Z"}}, {"model": "sessions.session", "pk": "jqfcvq4orucaoy0is7i702c87nu5r5l3", "fields": {"session_data": "NTEwMDI5ZjliMWY5NDZjMmVhYTdiNzA1NjJiZTBkOTA2ODk3YTNjZDp7Il9hdXRoX3VzZXJfaWQiOiIxIiwiX2F1dGhfdXNlcl9iYWNrZW5kIjoiZGphbmdvLmNvbnRyaWIuYXV0aC5iYWNrZW5kcy5Nb2RlbEJhY2tlbmQiLCJfYXV0aF91c2VyX2hhc2giOiIwMTQ2MmU5NmM5NjkyZGY2ZmJkNjIwOTZmYjM1NDNhNzE5ZmQ1MzI3In0=", "expire_date": "2019-04-15T10:05:29.253Z"}}, {"model": "sessions.session", "pk": "l9d98akt2cjds5ue6zr8jsv1m2akdtmj", "fields": {"session_data": "NTEwMDI5ZjliMWY5NDZjMmVhYTdiNzA1NjJiZTBkOTA2ODk3YTNjZDp7Il9hdXRoX3VzZXJfaWQiOiIxIiwiX2F1dGhfdXNlcl9iYWNrZW5kIjoiZGphbmdvLmNvbnRyaWIuYXV0aC5iYWNrZW5kcy5Nb2RlbEJhY2tlbmQiLCJfYXV0aF91c2VyX2hhc2giOiIwMTQ2MmU5NmM5NjkyZGY2ZmJkNjIwOTZmYjM1NDNhNzE5ZmQ1MzI3In0=", "expire_date": "2019-04-24T22:04:00.134Z"}}, {"model": "sessions.session", "pk": "lp6hwolhapxhh4x1gx54t5p77z4e73mt", "fields": {"session_data": "NTEwMDI5ZjliMWY5NDZjMmVhYTdiNzA1NjJiZTBkOTA2ODk3YTNjZDp7Il9hdXRoX3VzZXJfaWQiOiIxIiwiX2F1dGhfdXNlcl9iYWNrZW5kIjoiZGphbmdvLmNvbnRyaWIuYXV0aC5iYWNrZW5kcy5Nb2RlbEJhY2tlbmQiLCJfYXV0aF91c2VyX2hhc2giOiIwMTQ2MmU5NmM5NjkyZGY2ZmJkNjIwOTZmYjM1NDNhNzE5ZmQ1MzI3In0=", "expire_date": "2019-05-07T17:09:03.970Z"}}, {"model": "sessions.session", "pk": "mdblrzjypv7gnt4l4w2wxj7dlrf3q1m2", "fields": {"session_data": "NTEwMDI5ZjliMWY5NDZjMmVhYTdiNzA1NjJiZTBkOTA2ODk3YTNjZDp7Il9hdXRoX3VzZXJfaWQiOiIxIiwiX2F1dGhfdXNlcl9iYWNrZW5kIjoiZGphbmdvLmNvbnRyaWIuYXV0aC5iYWNrZW5kcy5Nb2RlbEJhY2tlbmQiLCJfYXV0aF91c2VyX2hhc2giOiIwMTQ2MmU5NmM5NjkyZGY2ZmJkNjIwOTZmYjM1NDNhNzE5ZmQ1MzI3In0=", "expire_date": "2019-04-15T00:28:22.840Z"}}, {"model": "sessions.session", "pk": "omcgl60xq76at68aqk4sbuzcimcx3yjx", "fields": {"session_data": "NTNiZTY4ZjRiMDZlMjU5OTI0MjIxYWI5NTczOGZmYTVjNmMxOGNiMzp7Imdvb2dsZS1vYXV0aDJfc3RhdGUiOiJhNEFRdUZxMkZ3RFJPQTNZNjA2YVk1Rk1nVkFrRFlEVCIsIl9hdXRoX3VzZXJfaWQiOiI0NyIsIl9hdXRoX3VzZXJfYmFja2VuZCI6InNvY2lhbF9jb3JlLmJhY2tlbmRzLmdvb2dsZS5Hb29nbGVPQXV0aDIiLCJfYXV0aF91c2VyX2hhc2giOiI0OWI3ZTdkMmFiYTY3OGE1NjllNGUzMDczZGViMDZmYzc5MjAzNzgwIiwic29jaWFsX2F1dGhfbGFzdF9sb2dpbl9iYWNrZW5kIjoiZ29vZ2xlLW9hdXRoMiJ9", "expire_date": "2019-05-05T15:15:33.698Z"}}, {"model": "sessions.session", "pk": "p4ab1u6sv79h32loct11eiuu421f5th3", "fields": {"session_data": "NTEwMDI5ZjliMWY5NDZjMmVhYTdiNzA1NjJiZTBkOTA2ODk3YTNjZDp7Il9hdXRoX3VzZXJfaWQiOiIxIiwiX2F1dGhfdXNlcl9iYWNrZW5kIjoiZGphbmdvLmNvbnRyaWIuYXV0aC5iYWNrZW5kcy5Nb2RlbEJhY2tlbmQiLCJfYXV0aF91c2VyX2hhc2giOiIwMTQ2MmU5NmM5NjkyZGY2ZmJkNjIwOTZmYjM1NDNhNzE5ZmQ1MzI3In0=", "expire_date": "2019-04-14T14:46:39.581Z"}}, {"model": "sessions.session", "pk": "qhdnll0x39d5rj48maw5y966za2knpcr", "fields": {"session_data": "MTBiNzBjNzg1YWY5ODc2YjRlMTRiNDdjMDYxOGEzYTJiNzJiODZlODp7Il9hdXRoX3VzZXJfaWQiOiIzIiwiX2F1dGhfdXNlcl9iYWNrZW5kIjoiZGphbmdvLmNvbnRyaWIuYXV0aC5iYWNrZW5kcy5Nb2RlbEJhY2tlbmQiLCJfYXV0aF91c2VyX2hhc2giOiI2M2VhNzRhNjQwODBhNDgzNTVlYWM4MWQ3M2M3ZDViYjA5OWRiOTFmIn0=", "expire_date": "2019-04-13T13:13:44.450Z"}}, {"model": "sessions.session", "pk": "qq3stk2gw86v8cq9az0ze5yksrvw0bp2", "fields": {"session_data": "M2Q1ZTVmZGM0OGZlNWZkOGYwNzY5ZmU2OWZhMjVhMGFlYTk3ZjI4Mjp7Il9hdXRoX3VzZXJfaWQiOiIyIiwiX2F1dGhfdXNlcl9iYWNrZW5kIjoiZGphbmdvLmNvbnRyaWIuYXV0aC5iYWNrZW5kcy5Nb2RlbEJhY2tlbmQiLCJfYXV0aF91c2VyX2hhc2giOiI3NDFjZGYxNDJkMGY3YTIyNmQxNmI2OTNlZmEyZmIxYjA2ZGUxZTllIn0=", "expire_date": "2019-04-11T13:08:33.777Z"}}, {"model": "sessions.session", "pk": "vyyl0l2zx5zxnrszj590fpacb52kihlz", "fields": {"session_data": "MGVhYjQxN2MzZGNiYzE5NjAxNzIzZWViZWU4YzQzZTgzOTE1NTk5Mzp7Imdvb2dsZS1vYXV0aDJfc3RhdGUiOiJkbkFnZEdsdGYxVDI4SDlUVmw2UVJNYkZhOE5CUlFQbCIsIl9hdXRoX3VzZXJfaWQiOiI0NiIsIl9hdXRoX3VzZXJfYmFja2VuZCI6InNvY2lhbF9jb3JlLmJhY2tlbmRzLmdvb2dsZS5Hb29nbGVPQXV0aDIiLCJfYXV0aF91c2VyX2hhc2giOiI3NDRhNDFhMTM0MDBmMjhmMGM0Y2RmN2YzNWFkMzNjNmU0NDMwYTg5Iiwic29jaWFsX2F1dGhfbGFzdF9sb2dpbl9iYWNrZW5kIjoiZ29vZ2xlLW9hdXRoMiJ9", "expire_date": "2019-05-04T14:33:13.231Z"}}, {"model": "sessions.session", "pk": "w32vprfkq14m9xabkcm1jo0nf98eppgu", "fields": {"session_data": "NTEwMDI5ZjliMWY5NDZjMmVhYTdiNzA1NjJiZTBkOTA2ODk3YTNjZDp7Il9hdXRoX3VzZXJfaWQiOiIxIiwiX2F1dGhfdXNlcl9iYWNrZW5kIjoiZGphbmdvLmNvbnRyaWIuYXV0aC5iYWNrZW5kcy5Nb2RlbEJhY2tlbmQiLCJfYXV0aF91c2VyX2hhc2giOiIwMTQ2MmU5NmM5NjkyZGY2ZmJkNjIwOTZmYjM1NDNhNzE5ZmQ1MzI3In0=", "expire_date": "2019-04-14T18:44:50.349Z"}}, {"model": "sessions.session", "pk": "xcynsn9xctulpmzvlx336ng4zmlqzjc6", "fields": {"session_data": "NTEwMDI5ZjliMWY5NDZjMmVhYTdiNzA1NjJiZTBkOTA2ODk3YTNjZDp7Il9hdXRoX3VzZXJfaWQiOiIxIiwiX2F1dGhfdXNlcl9iYWNrZW5kIjoiZGphbmdvLmNvbnRyaWIuYXV0aC5iYWNrZW5kcy5Nb2RlbEJhY2tlbmQiLCJfYXV0aF91c2VyX2hhc2giOiIwMTQ2MmU5NmM5NjkyZGY2ZmJkNjIwOTZmYjM1NDNhNzE5ZmQ1MzI3In0=", "expire_date": "2019-04-13T14:26:03.499Z"}}, {"model": "sessions.session", "pk": "ycfuaebw7kjrajtkf22n840yl82trnpb", "fields": {"session_data": "NTEwMDI5ZjliMWY5NDZjMmVhYTdiNzA1NjJiZTBkOTA2ODk3YTNjZDp7Il9hdXRoX3VzZXJfaWQiOiIxIiwiX2F1dGhfdXNlcl9iYWNrZW5kIjoiZGphbmdvLmNvbnRyaWIuYXV0aC5iYWNrZW5kcy5Nb2RlbEJhY2tlbmQiLCJfYXV0aF91c2VyX2hhc2giOiIwMTQ2MmU5NmM5NjkyZGY2ZmJkNjIwOTZmYjM1NDNhNzE5ZmQ1MzI3In0=", "expire_date": "2019-04-17T00:47:43.553Z"}}, {"model": "sessions.session", "pk": "zfaql345qxu23fegy8vh0eoyin4gqpml", "fields": {"session_data": "ODczY2FhZTg1Y2RlNzJmNTk1ZTI2YTdlNjhjYmYyZTA3YjEyNWJlMDp7Il9hdXRoX3VzZXJfaWQiOiIxNyIsIl9hdXRoX3VzZXJfYmFja2VuZCI6ImRqYW5nby5jb250cmliLmF1dGguYmFja2VuZHMuTW9kZWxCYWNrZW5kIiwiX2F1dGhfdXNlcl9oYXNoIjoiYmUyYmQ5ODAxMzg0ZmE3Zjc4MmY1NGM4MzYxNWE5ZjVlYzRmODQxMCJ9", "expire_date": "2019-05-02T13:59:52.976Z"}}, {"model": "sessions.session", "pk": "zjqey7yz1vpwxqrdi6cqk8nlxhdd54mj", "fields": {"session_data": "NDA5Mzk2MzkyMTE2NzExOTA1YTQzZmJmZjQ1YWE0YjM4Nzg3MGM0Yjp7Il9hdXRoX3VzZXJfaWQiOiIyMSIsIl9hdXRoX3VzZXJfYmFja2VuZCI6ImRqYW5nby5jb250cmliLmF1dGguYmFja2VuZHMuTW9kZWxCYWNrZW5kIiwiX2F1dGhfdXNlcl9oYXNoIjoiN2M2MTJlOTlmZWQ2MTdhYzI0NjJiNWVlYTM3N2E0MzI1ZDhmMzllMCJ9", "expire_date": "2019-05-07T18:35:57.000Z"}}, {"model": "sessions.session", "pk": "zxoi20vw8rosscntkb4o6e8rx9kwz9i6", "fields": {"session_data": "NTEwMDI5ZjliMWY5NDZjMmVhYTdiNzA1NjJiZTBkOTA2ODk3YTNjZDp7Il9hdXRoX3VzZXJfaWQiOiIxIiwiX2F1dGhfdXNlcl9iYWNrZW5kIjoiZGphbmdvLmNvbnRyaWIuYXV0aC5iYWNrZW5kcy5Nb2RlbEJhY2tlbmQiLCJfYXV0aF91c2VyX2hhc2giOiIwMTQ2MmU5NmM5NjkyZGY2ZmJkNjIwOTZmYjM1NDNhNzE5ZmQ1MzI3In0=", "expire_date": "2019-05-07T02:16:13.103Z"}}, {"model": "main.homepicture", "pk": 3, "fields": {"photo": "images/home/hero_bg_3.jpg", "caption": "New Hairstyle", "url_text": "Check It Out!", "url_link": "localhost:8000"}}, {"model": "main.homepicture", "pk": 4, "fields": {"photo": "images/home/hero_bg_2.jpg", "caption": "Blue Hair Don't Care", "url_text": "See Blog Post", "url_link": "localhost:8000"}}, {"model": "main.homepicture", "pk": 5, "fields": {"photo": "images/home/img_2_1hhuFtX.jpg", "caption": "Hello There", "url_text": "Go To Services", "url_link": "localhost:8000/services"}}, {"model": "main.maplocation", "pk": 1, "fields": {"location_text": "American University of Beirut"}}, {"model": "site_admin.adminprofile", "pk": 1, "fields": {"user": ["admin"]}}, {"model": "staff.staffprofile", "pk": 4, "fields": {"user": ["teststaff9"], "about": "I am Staff #4", "birthdate": "1995-02-02", "gender": "Male", "phone_number": "70345065", "photo": "default.jpeg", "average_rating": 5, "service_type": [5, 7]}}, {"model": "staff.staffprofile", "pk": 5, "fields": {"user": ["teststaff5"], "about": "Test staff 5", "birthdate": "1991-01-01", "gender": "Female", "phone_number": "70345065", "photo": "images/staff/person_2.jpg", "average_rating": 4, "service_type": [5, 6]}}, {"model": "staff.staffprofile", "pk": 8, "fields": {"user": ["test_staff_10"], "about": "Hello I am staff 10", "birthdate": "2010-02-02", "gender": "Female", "phone_number": "70345065", "photo": "images/staff/car.png", "average_rating": null, "service_type": [5, 7]}}, {"model": "staff.staffprofile", "pk": 9, "fields": {"user": ["teststaffcart"], "about": "Hello", "birthdate": "1990-01-31", "gender": "Other", "phone_number": "70345065", "photo": "images/staff/car_0DvHFgI.png", "average_rating": null, "service_type": [5, 6]}}, {"model": "staff.staffprofile", "pk": 13, "fields": {"user": ["teststaffmanage"], "about": "Hello", "birthdate": "1990-02-01", "gender": "Other", "phone_number": "70345065", "photo": "images/staff/hero_bg_3.jpg", "average_rating": null, "service_type": [6]}}, {"model": "staff.staffprofile", "pk": 14, "fields": {"user": ["test_staff_last"], "about": "Hello", "birthdate": "2004-06-15", "gender": "Female", "phone_number": "70345065", "photo": "images/staff/hero_bg_2.jpg", "average_rating": null, "service_type": [6]}}, {"model": "customer.customerprofile", "pk": 13, "fields": {"user": ["test_user_1"], "gender": "Male", "city": "Beirut", "country": "Lebanon", "birthdate": "1995-07-05", "phone_number": "70566210", "photo": "images/customers/img_5.jpg"}}, {"model": "customer.customerprofile", "pk": 14, "fields": {"user": ["test_user_2"], "gender": "Male", "city": "Beirut", "country": "Lebanon", "birthdate": "1998-06-10", "phone_number": "78915155", "photo": "images/customers/person_3.jpg"}}, {"model": "customer.customerprofile", "pk": 15, "fields": {"user": ["test_user_6"], "gender": "Male", "city": "Beirut", "country": "Lebanon", "birthdate": "1995-07-18", "phone_number": "78915155", "photo": "images/customers/person_5.jpg"}}, {"model": "customer.customerprofile", "pk": 16, "fields": {"user": ["test_user_7"], "gender": "Female", "city": "Beirut", "country": "Lebanon", "birthdate": "2010-02-09", "phone_number": "78915155", "photo": "images/customers/person_1.jpg"}}, {"model": "customer.customerprofile", "pk": 17, "fields": {"user": ["test_user_5"], "gender": "Male", "city": "Beirut", "country": "Lebanon", "birthdate": "2010-02-03", "phone_number": "78915155", "photo": "images/customers/person_4.jpg"}}, {"model": "customer.customerprofile", "pk": 23, "fields": {"user": ["testuser"], "gender": "Male", "city": "Beirut", "country": "Lebanon", "birthdate": "2001-02-14", "phone_number": "78915155", "photo": "images/customers/img_2.jpg"}}, {"model": "customer.customerprofile", "pk": 24, "fields": {"user": ["test_staff_10"], "gender": "", "city": "", "country": "", "birthdate": null, "phone_number": "", "photo": "images/customers/default.jpg"}}, {"model": "customer.customerprofile", "pk": 25, "fields": {"user": ["test_user_report"], "gender": "Other", "city": "Beirut", "country": "Lebanon", "birthdate": "2000-02-08", "phone_number": "70345065", "photo": "images/customers/person_1_supS8vg.jpg"}}, {"model": "customer.customerprofile", "pk": 26, "fields": {"user": ["test_user_report2"], "gender": "Female", "city": "Beirut", "country": "Lebanon", "birthdate": "2000-02-05", "phone_number": "70345065", "photo": "images/customers/hero_bg_3_M4hkFHY.jpg"}}, {"model": "customer.customerprofile", "pk": 27, "fields": {"user": ["test_user_cart"], "gender": "Other", "city": "Beirut", "country": "Lebanon", "birthdate": "2010-01-04", "phone_number": "70345065", "photo": "images/customers/hero_bg_3_FKl5meM.jpg"}}, {"model": "customer.customerprofile", "pk": 28, "fields": {"user": ["teststaffcart"], "gender": "", "city": "", "country": "", "birthdate": null, "phone_number": "", "photo": "images/customers/default.jpg"}}, {"model": "customer.customerprofile", "pk": 35, "fields": {"user": ["teststaffmanage"], "gender": "", "city": "", "country": "", "birthdate": null, "phone_number": "", "photo": "images/customers/default.jpg"}}, {"model": "customer.customerprofile", "pk": 38, "fields": {"user": ["test_staff_last"], "gender": "", "city": "", "country": "", "birthdate": null, "phone_number": "", "photo": "images/customers/default.jpg"}}, {"model": "about.aboutpicture", "pk": 1, "fields": {"photo": "images/about_picture/hero_bg_3.jpg"}}, {"model": "about.about", "pk": 1, "fields": {"info": "Lorem ipsum dolor sit amet, consectetur adipiscing elit. Aenean id arcu vel lorem pharetra egestas. Etiam ullamcorper, nibh non consectetur gravida, ligula mauris vestibulum diam, blandit interdum nisl lectus quis magna. Proin convallis, nunc in egestas mattis, leo velit eleifend leo, vitae luctus nunc dui a velit.", "operating_hours": "Mon-Fri\r\n9:30 A.M - 11:00 P.M.\r\nSat-Sun\r\n8:00 A.M. - 2:00 A.M."}}, {"model": "about.award", "pk": 4, "fields": {"title": "CMS", "description": "Etiam ipsum mi, consequat vitae mi ut, accumsan tincidunt augue. Mauris aliquet rhoncus arcu sit amet pretium.", "logo": "images/awards_logos/cms_logo_bskP4Rv.png"}}, {"model": "about.award", "pk": 5, "fields": {"title": "SAM", "description": "Lorem ipsum dolor sit amet, consectetur adipiscing elit. Etiam ipsum mi, consequat vitae mi ut, accumsan tincidunt augue. Mauris aliquet rhoncus arcu sit amet pretium.", "logo": "images/awards_logos/sam_logo.png"}}, {"model": "about.award", "pk": 6, "fields": {"title": "ISO", "description": "International quality insurance company certified and known worldwide", "logo": "images/awards_logos/iso_logo_evNQ2zP.png"}}, {"model": "about.partnership", "pk": 15, "fields": {"company_name": "ISO", "about": "Partnership #1", "logo": "images/partnerships_logos/iso_logo.png"}}, {"model": "about.partnership", "pk": 16, "fields": {"company_name": "SAM S.A.R.L.", "about": "Partnership #2", "logo": "images/partnerships_logos/sam_logo.png"}}, {"model": "about.partnership", "pk": 17, "fields": {"company_name": "CMS S.A.R.L", "about": "Partnership #3", "logo": "images/partnerships_logos/cms_logo.png"}}, {"model": "about.salonpicture", "pk": 2, "fields": {"caption": "Second Image Sample", "picture": "images/person_6_Wke7PWB.jpg"}}, {"model": "about.salonpicture", "pk": 3, "fields": {"caption": "Third Image Sample", "picture": "images/img_4_7hQ8tYm.jpg"}}, {"model": "about.salonpicture", "pk": 4, "fields": {"caption": "Fifth Image Sample", "picture": "images/img_5_7XuQkeo.jpg"}}, {"model": "about.salonpicture", "pk": 5, "fields": {"caption": "Sixth Image Sample", "picture": "images/img_1_A7T4d6o.jpg"}}, {"model": "about.salonpicture", "pk": 13, "fields": {"caption": "Post Image Sample", "picture": "images/hero_bg_2_qw5F77u.jpg"}}, {"model": "about.contactinformation", "pk": 1, "fields": {"contact_type": "Phone Number", "info": "+961 1 470 576"}}, {"model": "about.contactinformation", "pk": 2, "fields": {"contact_type": "Mobile Number", "info": "+961 70 123 458"}}, {"model": "about.contactinformation", "pk": 4, "fields": {"contact_type": "Main Address", "info": "Downtown Beirut, Facing Martyrs' Statue"}}, {"model": "service.servicetype", "pk": 5, "fields": {"name": "Hairstyling", "icon": "images/services/woman-with-long-hair_gqr2VjH.svg", "description": "Everything you can think of from dyeing, curling, straightening, etc..."}}, {"model": "service.servicetype", "pk": 6, "fields": {"name": "Hair drying", "icon": "images/services/hairdryer-silhouette-side-view.svg", "description": "Just your basic hair cry, pick any combing you want!"}}, {"model": "service.servicetype", "pk": 7, "fields": {"name": "Haircut", "icon": "images/services/scissors-and-comb_ZeISVwF.svg", "description": "Haircut"}}, {"model": "service.service", "pk": 3, "fields": {"name": "Haircut", "description": "Just Hairstyle", "gender": "Male", "price": 10, "discounted_price": null, "service_type": 5, "featured": false}}, {"model": "service.service", "pk": 4, "fields": {"name": "Basic", "description": "Just Hair drying", "gender": "Female", "price": 20, "discounted_price": 5, "service_type": 6, "featured": false}}, {"model": "service.service", "pk": 5, "fields": {"name": "Deluxe Pack", "description": "Hair styling, Hair drying, and food & beverage for entertainment!", "gender": "Unisex", "price": 50, "discounted_price": 25, "service_type": 5, "featured": true}}, {"model": "service.service", "pk": 6, "fields": {"name": "Normal", "description": "Just a normal haircut for less the average price of the town!", "gender": "Male", "price": 10, "discounted_price": null, "service_type": 7, "featured": true}}, {"model": "service.service", "pk": 7, "fields": {"name": "Hairdrying Express", "description": "Come as you are! It's for less than the price of a burrito!", "gender": "Unisex", "price": 1, "discounted_price": null, "service_type": 6, "featured": true}}, {"model": "product.product", "pk": 1, "fields": {"name": "Mini Styling Collection", "description": "This is a mini styling collection", "gender": "Unisex", "price": 20, "discounted_price": 10, "photo": "images/products/hero_bg_1.jpg", "service_type": 5, "in_stock": true}}, {"model": "product.product", "pk": 2, "fields": {"name": "Hair Spray", "description": "Designed to suit your short hair needs", "gender": "Male", "price": 30, "discounted_price": 20, "photo": "images/products/900.jpg", "service_type": 5, "in_stock": true}}, {"model": "product.product", "pk": 3, "fields": {"name": "Limited Edition Spray", "description": "Hello", "gender": "Female", "price": 24, "discounted_price": null, "photo": "images/products/img_5.jpg", "service_type": 7, "in_stock": true}}, {"model": "appointment.appointment", "pk": 1, "fields": {"customer": 15, "staff": 5, "service": 4, "date": "2014-06-10T00:00:00Z", "notes": "Hello", "canceled": false, "requested_cancellation": false, "requesting_user_type": null, "rejected_requested_cancellation": false}}, {"model": "appointment.appointment", "pk": 2, "fields": {"customer": 15, "staff": 5, "service": 4, "date": "2019-04-07T19:00:00Z", "notes": "Hello", "canceled": false, "requested_cancellation": false, "requesting_user_type": null, "rejected_requested_cancellation": false}}, {"model": "appointment.appointment", "pk": 3, "fields": {"customer": 15, "staff": 5, "service": 4, "date": "2019-04-07T01:00:00Z", "notes": "Hello", "canceled": false, "requested_cancellation": false, "requesting_user_type": null, "rejected_requested_cancellation": false}}, {"model": "appointment.appointment", "pk": 4, "fields": {"customer": 15, "staff": 5, "service": 4, "date": "2019-04-07T06:00:00Z", "notes": "HII", "canceled": false, "requested_cancellation": false, "requesting_user_type": null, "rejected_requested_cancellation": false}}, {"model": "appointment.appointment", "pk": 5, "fields": {"customer": 15, "staff": 5, "service": 4, "date": "2019-04-07T09:00:00Z", "notes": "HII", "canceled": false, "requested_cancellation": false, "requesting_user_type": null, "rejected_requested_cancellation": false}}, {"model": "appointment.appointment", "pk": 7, "fields": {"customer": 15, "staff": 5, "service": 4, "date": "2019-04-11T05:00:00Z", "notes": "hello", "canceled": true, "requested_cancellation": false, "requesting_user_type": null, "rejected_requested_cancellation": false}}, {"model": "appointment.appointment", "pk": 8, "fields": {"customer": 15, "staff": 5, "service": 4, "date": "2019-04-14T03:00:00Z", "notes": "hello", "canceled": true, "requested_cancellation": false, "requesting_user_type": "staff", "rejected_requested_cancellation": false}}, {"model": "appointment.appointment", "pk": 9, "fields": {"customer": 13, "staff": 4, "service": 3, "date": "2019-04-17T07:00:00Z", "notes": "wow hi", "canceled": true, "requested_cancellation": true, "requesting_user_type": "user", "rejected_requested_cancellation": false}}, {"model": "appointment.appointment", "pk": 10, "fields": {"customer": 13, "staff": 4, "service": 3, "date": "2019-04-17T05:00:00Z", "notes": "Hii", "canceled": true, "requested_cancellation": true, "requesting_user_type": "user", "rejected_requested_cancellation": false}}, {"model": "appointment.appointment", "pk": 11, "fields": {"customer": 13, "staff": 4, "service": 3, "date": "2019-04-10T15:00:00Z", "notes": "Random Note", "canceled": true, "requested_cancellation": false, "requesting_user_type": null, "rejected_requested_cancellation": false}}, {"model": "appointment.appointment", "pk": 12, "fields": {"customer": 15, "staff": 5, "service": 4, "date": "2019-04-17T07:00:00Z", "notes": "kdfnasd", "canceled": false, "requested_cancellation": false, "requesting_user_type": null, "rejected_requested_cancellation": false}}, {"model": "appointment.appointment", "pk": 13, "fields": {"customer": 15, "staff": 4, "service": 3, "date": "2019-04-17T08:00:00Z", "notes": "jbfnjadf", "canceled": true, "requested_cancellation": true, "requesting_user_type": "staff", "rejected_requested_cancellation": true}}, {"model": "appointment.appointment", "pk": 14, "fields": {"customer": 16, "staff": 4, "service": 3, "date": "2019-04-17T09:00:00Z", "notes": "Hujdanuidjfsk", "canceled": true, "requested_cancellation": false, "requesting_user_type": "staff", "rejected_requested_cancellation": false}}, {"model": "appointment.appointment", "pk": 16, "fields": {"customer": 13, "staff": 5, "service": 4, "date": "2019-04-17T09:00:00Z", "notes": "Hello", "canceled": false, "requested_cancellation": false, "requesting_user_type": null, "rejected_requested_cancellation": false}}, {"model": "appointment.appointment", "pk": 18, "fields": {"customer": 13, "staff": 4, "service": 3, "date": "2019-04-09T04:00:00Z", "notes": "Hello Today", "canceled": false, "requested_cancellation": false, "requesting_user_type": null, "rejected_requested_cancellation": false}}, {"model": "appointment.appointment", "pk": 19, "fields": {"customer": 23, "staff": 5, "service": 7, "date": "2019-04-16T21:00:00Z", "notes": "Yow", "canceled": true, "requested_cancellation": true, "requesting_user_type": "user", "rejected_requested_cancellation": false}}, {"model": "appointment.appointment", "pk": 20, "fields": {"customer": 23, "staff": 4, "service": 6, "date": "2019-04-24T21:00:00Z", "notes": "Hello", "canceled": false, "requested_cancellation": true, "requesting_user_type": "user", "rejected_requested_cancellation": true}}, {"model": "appointment.appointment", "pk": 22, "fields": {"customer": 13, "staff": 5, "service": 7, "date": "2019-04-16T10:00:00Z", "notes": "Hello", "canceled": false, "requested_cancellation": false, "requesting_user_type": null, "rejected_requested_cancellation": false}}, {"model": "appointment.appointment", "pk": 23, "fields": {"customer": 23, "staff": 4, "service": 6, "date": "2019-04-22T18:00:00Z", "notes": "Hello", "canceled": false, "requested_cancellation": false, "requesting_user_type": null, "rejected_requested_cancellation": false}}, {"model": "appointment.appointment", "pk": 24, "fields": {"customer": 23, "staff": 5, "service": 4, "date": "2019-04-19T16:00:00Z", "notes": "Helll", "canceled": false, "requested_cancellation": false, "requesting_user_type": null, "rejected_requested_cancellation": false}}, {"model": "appointment.appointment", "pk": 25, "fields": {"customer": 13, "staff": 4, "service": 6, "date": "2019-04-21T08:00:00Z", "notes": "Hello", "canceled": false, "requested_cancellation": false, "requesting_user_type": null, "rejected_requested_cancellation": false}}, {"model": "appointment.appointment", "pk": 26, "fields": {"customer": 13, "staff": 4, "service": 6, "date": "2019-04-21T10:00:00Z", "notes": "Hello", "canceled": false, "requested_cancellation": false, "requesting_user_type": null, "rejected_requested_cancellation": false}}, {"model": "appointment.appointment", "pk": 27, "fields": {"customer": 13, "staff": 4, "service": 6, "date": "2019-04-21T11:00:00Z", "notes": "Hello", "canceled": false, "requested_cancellation": false, "requesting_user_type": null, "rejected_requested_cancellation": false}}, {"model": "appointment.appointment", "pk": 28, "fields": {"customer": 13, "staff": 9, "service": 5, "date": "2019-04-28T12:00:00Z", "notes": "Yow", "canceled": false, "requested_cancellation": false, "requesting_user_type": null, "rejected_requested_cancellation": false}}, {"model": "appointment.appointment", "pk": 30, "fields": {"customer": 13, "staff": 8, "service": 6, "date": "2019-04-28T12:00:00Z", "notes": "Hello", "canceled": false, "requested_cancellation": false, "requesting_user_type": null, "rejected_requested_cancellation": false}}, {"model": "appointment.appointment", "pk": 31, "fields": {"customer": 13, "staff": 8, "service": 3, "date": "2019-04-30T18:00:00Z", "notes": "Hello", "canceled": false, "requested_cancellation": false, "requesting_user_type": null, "rejected_requested_cancellation": false}}, {"model": "appointment.appointment", "pk": 32, "fields": {"customer": 13, "staff": 8, "service": 6, "date": "2019-05-01T19:00:00Z", "notes": "ihikjbnsdf", "canceled": false, "requested_cancellation": false, "requesting_user_type": null, "rejected_requested_cancellation": false}}, {"model": "appointment.appointment", "pk": 33, "fields": {"customer": 13, "staff": 8, "service": 6, "date": "2019-05-02T19:00:00Z", "notes": "fadjunfa", "canceled": false, "requested_cancellation": false, "requesting_user_type": null, "rejected_requested_cancellation": false}}, {"model": "appointment.appointment", "pk": 34, "fields": {"customer": 13, "staff": 4, "service": 6, "date": "2019-05-03T21:00:00Z", "notes": "kjahdgkfj", "canceled": false, "requested_cancellation": false, "requesting_user_type": null, "rejected_requested_cancellation": false}}, {"model": "appointment.appointment", "pk": 35, "fields": {"customer": 13, "staff": 8, "service": 6, "date": "2019-05-04T15:00:00Z", "notes": "ujahnfsjin", "canceled": false, "requested_cancellation": false, "requesting_user_type": null, "rejected_requested_cancellation": false}}, {"model": "appointment.appointment", "pk": 36, "fields": {"customer": 13, "staff": 4, "service": 6, "date": "2019-04-25T05:00:00Z", "notes": "Hello", "canceled": false, "requested_cancellation": false, "requesting_user_type": null, "rejected_requested_cancellation": false}}, {"model": "appointment.appointment", "pk": 37, "fields": {"customer": 13, "staff": 5, "service": 5, "date": "2019-05-09T14:00:00Z", "notes": "Yow", "canceled": false, "requested_cancellation": false, "requesting_user_type": null, "rejected_requested_cancellation": false}}, {"model": "appointment.appointment", "pk": 38, "fields": {"customer": 14, "staff": 8, "service": 6, "date": "2019-05-10T17:00:00Z", "notes": "Hello", "canceled": false, "requested_cancellation": false, "requesting_user_type": null, "rejected_requested_cancellation": false}}, {"model": "appointment.appointment", "pk": 39, "fields": {"customer": 14, "staff": 4, "service": 6, "date": "2019-05-11T17:00:00Z", "notes": "Helo", "canceled": false, "requested_cancellation": false, "requesting_user_type": null, "rejected_requested_cancellation": false}}, {"model": "appointment.appointment", "pk": 40, "fields": {"customer": 14, "staff": 8, "service": 6, "date": "2019-05-04T17:00:00Z", "notes": "Helo", "canceled": false, "requested_cancellation": false, "requesting_user_type": null, "rejected_requested_cancellation": false}}, {"model": "appointment.appointment", "pk": 41, "fields": {"customer": 14, "staff": 4, "service": 6, "date": "2019-05-06T17:00:00Z", "notes": "Hellofoan", "canceled": false, "requested_cancellation": false, "requesting_user_type": null, "rejected_requested_cancellation": false}}, {"model": "appointment.appointment", "pk": 42, "fields": {"customer": 14, "staff": 4, "service": 6, "date": "2019-05-11T19:00:00Z", "notes": "Hello", "canceled": false, "requested_cancellation": false, "requesting_user_type": null, "rejected_requested_cancellation": false}}, {"model": "appointment.appointment", "pk": 43, "fields": {"customer": 14, "staff": 4, "service": 6, "date": "2019-04-30T22:00:00Z", "notes": "Hello", "canceled": false, "requested_cancellation": false, "requesting_user_type": null, "rejected_requested_cancellation": false}}, {"model": "appointment.appointment", "pk": 44, "fields": {"customer": 13, "staff": 4, "service": 6, "date": "2019-05-10T23:00:00Z", "notes": "Hello", "canceled": false, "requested_cancellation": false, "requesting_user_type": null, "rejected_requested_cancellation": false}}, {"model": "appointment.appointmenttime", "pk": 1, "fields": {"length": 2, "last_minute_cancellation_time": 8}}, {"model": "cart.cart", "pk": 1, "fields": {"user": 13, "total_price": 24}}, {"model": "cart.cart", "pk": 2, "fields": {"user": 14, "total_price": 0}}, {"model": "cart.cart", "pk": 4, "fields": {"user": 25, "total_price": 0}}, {"model": "cart.cart", "pk": 5, "fields": {"user": 26, "total_price": 0}}, {"model": "cart.cart", "pk": 6, "fields": {"user": 27, "total_price": 0}}, {"model": "cart.cartproduct", "pk": 24, "fields": {"cart": 1, "product": 3, "quantity": 1}}, {"model": "receipt.receipt", "pk": 15, "fields": {"user": 13, "total_price": 68}}, {"model": "receipt.receipt", "pk": 16, "fields": {"user": 13, "total_price": 92}}, {"model": "receipt.receipt", "pk": 17, "fields": {"user": 13, "total_price": 44}}, {"model": "receipt.receipt", "pk": 18, "fields": {"user": 14, "total_price": 20}}, {"model": "receipt.receipt", "pk": 19, "fields": {"user": 27, "total_price": 24}}, {"model": "receipt.receipt", "pk": 20, "fields": {"user": 13, "total_price": 24}}, {"model": "receipt.receipt", "pk": 21, "fields": {"user": 13, "total_price": 44}}, {"model": "receipt.receipt", "pk": 22, "fields": {"user": 13, "total_price": 24}}, {"model": "receipt.receipt", "pk": 23, "fields": {"user": 13, "total_price": 24}}, {"model": "receipt.receiptproduct", "pk": 7, "fields": {"receipt": 15, "product": 3, "quantity": 2}}, {"model": "receipt.receiptproduct", "pk": 8, "fields": {"receipt": 15, "product": 2, "quantity": 1}}, {"model": "receipt.receiptproduct", "pk": 9, "fields": {"receipt": 16, "product": 3, "quantity": 1}}, {"model": "receipt.receiptproduct", "pk": 10, "fields": {"receipt": 17, "product": 2, "quantity": 1}}, {"model": "receipt.receiptproduct", "pk": 11, "fields": {"receipt": 17, "product": 3, "quantity": 1}}, {"model": "receipt.receiptproduct", "pk": 12, "fields": {"receipt": 18, "product": 2, "quantity": 1}}, {"model": "receipt.receiptproduct", "pk": 13, "fields": {"receipt": 19, "product": 3, "quantity": 1}}, {"model": "receipt.receiptproduct", "pk": 14, "fields": {"receipt": 20, "product": 3, "quantity": 1}}, {"model": "receipt.receiptproduct", "pk": 15, "fields": {"receipt": 21, "product": 3, "quantity": 1}}, {"model": "receipt.receiptproduct", "pk": 16, "fields": {"receipt": 21, "product": 2, "quantity": 1}}, {"model": "receipt.receiptproduct", "pk": 17, "fields": {"receipt": 22, "product": 3, "quantity": 1}}, {"model": "receipt.receiptproduct", "pk": 18, "fields": {"receipt": 23, "product": 3, "quantity": 1}}, {"model": "review.review", "pk": 1, "fields": {"user": 13, "summary": "You Suck", "info": "Didn't Like It", "rating": 1}}, {"model": "testimonial.testimonial", "pk": 1, "fields": {"user": 13, "staff": 4, "summary": "He's Good", "info": "I Like Him", "rating": 5}}, {"model": "testimonial.testimonial", "pk": 2, "fields": {"user": 23, "staff": 5, "summary": "Helloz", "info": "Welp", "rating": 3}}, {"model": "newsletter.newsletter", "pk": 1, "fields": {"subject": "Hello!", "message": "this is a test mail", "email_from": "testemailfordjango@gmail.com", "recipient_list": 1}}, {"model": "newsletter.newsletter", "pk": 2, "fields": {"subject": "Hi!", "message": "This is a test mail", "email_from": "testemailfordjango@gmail.com", "recipient_list": 1}}, {"model": "newsletter.newsletter", "pk": 3, "fields": {"subject": "Hello", "message": "Welcome to Scalp", "email_from": "testemailfordjango@gmail.com", "recipient_list": 1}}, {"model": "newsletter.customerrecipientlist", "pk": 1, "fields": {"user": [13, 23]}}, {"model": "newsletter.staffnewsletter", "pk": 1, "fields": {"subject": "Test Mail", "message": "Hello", "email_from": "testemailfordjango@gmail.com", "recipient_list": 1}}, {"model": "newsletter.staffnewsletter", "pk": 2, "fields": {"subject": "Test Mail", "message": "Hello", "email_from": "testemailfordjango@gmail.com", "recipient_list": 1}}, {"model": "newsletter.staffnewsletter", "pk": 3, "fields": {"subject": "Test Mail", "message": "Hello", "email_from": "testemailfordjango@gmail.com", "recipient_list": 1}}, {"model": "newsletter.staffnewsletter", "pk": 4, "fields": {"subject": "Hello", "message": "TestTestTest", "email_from": "testemailfordjango@gmail.com", "recipient_list": 1}}, {"model": "newsletter.staffrecipientlist", "pk": 1, "fields": {"user": [4, 5, 8, 9, 13, 14]}}, {"model": "blog.article", "pk": 11, "fields": {"title": "What's Up", "content": "Test Article"}}, {"model": "blog.article", "pk": 12, "fields": {"title": "Another One", "content": "It's here"}}, {"model": "blog.article", "pk": 13, "fields": {"title": "Welcome to my first article", "content": "Article content"}}, {"model": "blog.articleimage", "pk": 3, "fields": {"caption": "Hello", "image": "images/article_images/person_1_bdIvU7I.jpg", "article": 11}}, {"model": "blog.articleimage", "pk": 5, "fields": {"caption": "Hello", "image": "images/article_images/img_5.jpg", "article": 11}}, {"model": "blog.articleimage", "pk": 6, "fields": {"caption": "Hello Again", "image": "images/article_images/img_5_8NlBnlf.jpg", "article": 11}}, {"model": "blog.articleimage", "pk": 7, "fields": {"caption": "First Image Sample", "image": "images/article_images/img_5_JCn7Po5.jpg", "article": 12}}, {"model": "blog.articleimage", "pk": 8, "fields": {"caption": "New Hairstyle!", "image": "images/article_images/person_5.jpg", "article": 12}}, {"model": "blog.articleimage", "pk": 9, "fields": {"caption": "Hello", "image": "images/article_images/hero_bg_3.jpg", "article": 13}}, {"model": "easy_thumbnails.source", "pk": 1, "fields": {"storage_hash": "f9bde26a1556cd667f742bd34ec7c55e", "name": "images/person_3.jpg", "modified": "2019-03-28T03:42:32.998Z"}}, {"model": "easy_thumbnails.source", "pk": 2, "fields": {"storage_hash": "f9bde26a1556cd667f742bd34ec7c55e", "name": "images/person_6_Wke7PWB.jpg", "modified": "2019-03-28T03:42:43.701Z"}}, {"model": "easy_thumbnails.source", "pk": 3, "fields": {"storage_hash": "f9bde26a1556cd667f742bd34ec7c55e", "name": "images/img_4_7hQ8tYm.jpg", "modified": "2019-03-28T03:42:51.829Z"}}, {"model": "easy_thumbnails.source", "pk": 4, "fields": {"storage_hash": "f9bde26a1556cd667f742bd34ec7c55e", "name": "images/img_5_7XuQkeo.jpg", "modified": "2019-03-28T03:43:02.600Z"}}, {"model": "easy_thumbnails.source", "pk": 5, "fields": {"storage_hash": "f9bde26a1556cd667f742bd34ec7c55e", "name": "images/img_1_A7T4d6o.jpg", "modified": "2019-03-28T03:43:10.648Z"}}, {"model": "easy_thumbnails.source", "pk": 6, "fields": {"storage_hash": "f9bde26a1556cd667f742bd34ec7c55e", "name": "images/person_4_q9sk00u.jpg", "modified": "2019-03-28T03:43:20.945Z"}}, {"model": "easy_thumbnails.source", "pk": 7, "fields": {"storage_hash": "f9bde26a1556cd667f742bd34ec7c55e", "name": "images/person_2.jpg", "modified": "2019-03-28T03:43:39.816Z"}}, {"model": "easy_thumbnails.source", "pk": 8, "fields": {"storage_hash": "f9bde26a1556cd667f742bd34ec7c55e", "name": "images/hero_bg_3.jpg", "modified": "2019-03-28T03:43:47.865Z"}}, {"model": "easy_thumbnails.source", "pk": 9, "fields": {"storage_hash": "f9bde26a1556cd667f742bd34ec7c55e", "name": "images/img_5_76ofrOR.jpg", "modified": "2019-03-28T11:15:33.311Z"}}, {"model": "easy_thumbnails.source", "pk": 10, "fields": {"storage_hash": "f9bde26a1556cd667f742bd34ec7c55e", "name": "images/img_3_WP06U1o.jpg", "modified": "2019-03-28T18:22:12.256Z"}}, {"model": "easy_thumbnails.source", "pk": 11, "fields": {"storage_hash": "f9bde26a1556cd667f742bd34ec7c55e", "name": "images/awards_logos/iso_logo.png", "modified": "2019-03-29T02:35:54.335Z"}}, {"model": "easy_thumbnails.source", "pk": 12, "fields": {"storage_hash": "f9bde26a1556cd667f742bd34ec7c55e", "name": "images/awards_logos/iso_logo_etIMXoM.png", "modified": "2019-03-29T03:11:25.013Z"}}, {"model": "easy_thumbnails.source", "pk": 13, "fields": {"storage_hash": "f9bde26a1556cd667f742bd34ec7c55e", "name": "images/awards_logos/cms_logo.png", "modified": "2019-03-29T02:57:07.216Z"}}, {"model": "easy_thumbnails.source", "pk": 14, "fields": {"storage_hash": "f9bde26a1556cd667f742bd34ec7c55e", "name": "images/awards_logos/cms_logo_bskP4Rv.png", "modified": "2019-04-09T15:54:47.828Z"}}, {"model": "easy_thumbnails.source", "pk": 15, "fields": {"storage_hash": "f9bde26a1556cd667f742bd34ec7c55e", "name": "images/awards_logos/sam_logo.png", "modified": "2019-04-09T15:54:47.951Z"}}, {"model": "easy_thumbnails.source", "pk": 16, "fields": {"storage_hash": "f9bde26a1556cd667f742bd34ec7c55e", "name": "images/awards_logos/sam_logo_StzUzhT.png", "modified": "2019-03-29T03:01:39.817Z"}}, {"model": "easy_thumbnails.source", "pk": 17, "fields": {"storage_hash": "f9bde26a1556cd667f742bd34ec7c55e", "name": "images/partnerships_logos/cms_logo.png", "modified": "2019-04-23T13:50:16.559Z"}}, {"model": "easy_thumbnails.source", "pk": 18, "fields": {"storage_hash": "f9bde26a1556cd667f742bd34ec7c55e", "name": "images/partnerships_logos/cms_logo_g0R2I0R.png", "modified": "2019-03-29T16:41:38.662Z"}}, {"model": "easy_thumbnails.source", "pk": 19, "fields": {"storage_hash": "f9bde26a1556cd667f742bd34ec7c55e", "name": "images/partnerships_logos/cms_logo_bGAYFqZ.png", "modified": "2019-03-29T16:41:38.805Z"}}, {"model": "easy_thumbnails.source", "pk": 20, "fields": {"storage_hash": "f9bde26a1556cd667f742bd34ec7c55e", "name": "images/partnerships_logos/cms_logo_GeG7Kg1.png", "modified": "2019-03-29T16:41:38.920Z"}}, {"model": "easy_thumbnails.source", "pk": 21, "fields": {"storage_hash": "f9bde26a1556cd667f742bd34ec7c55e", "name": "images/partnerships_logos/cms_logo_g2tWue9.png", "modified": "2019-03-29T16:41:39.029Z"}}, {"model": "easy_thumbnails.source", "pk": 22, "fields": {"storage_hash": "f9bde26a1556cd667f742bd34ec7c55e", "name": "images/partnerships_logos/cms_logo_ybgCYSP.png", "modified": "2019-03-29T16:42:06.654Z"}}, {"model": "easy_thumbnails.source", "pk": 23, "fields": {"storage_hash": "f9bde26a1556cd667f742bd34ec7c55e", "name": "images/partnerships_logos/iso_logo.png", "modified": "2019-04-23T13:49:48.538Z"}}, {"model": "easy_thumbnails.source", "pk": 24, "fields": {"storage_hash": "f9bde26a1556cd667f742bd34ec7c55e", "name": "default.jpeg", "modified": "2019-03-29T16:48:24.549Z"}}, {"model": "easy_thumbnails.source", "pk": 25, "fields": {"storage_hash": "f9bde26a1556cd667f742bd34ec7c55e", "name": "images/partnerships_logos/sam_logo_oQMeLLY.png", "modified": "2019-04-09T15:57:15.896Z"}}, {"model": "easy_thumbnails.source", "pk": 26, "fields": {"storage_hash": "f9bde26a1556cd667f742bd34ec7c55e", "name": "images/person_6_jRqC1CG.jpg", "modified": "2019-03-29T16:54:25.389Z"}}, {"model": "easy_thumbnails.source", "pk": 27, "fields": {"storage_hash": "f9bde26a1556cd667f742bd34ec7c55e", "name": "images/services/person_4_8L44gay.jpg", "modified": "2019-03-30T20:52:44.215Z"}}, {"model": "easy_thumbnails.source", "pk": 28, "fields": {"storage_hash": "f9bde26a1556cd667f742bd34ec7c55e", "name": "images/services/person_4.jpg", "modified": "2019-03-30T20:52:44.274Z"}}, {"model": "easy_thumbnails.source", "pk": 29, "fields": {"storage_hash": "f9bde26a1556cd667f742bd34ec7c55e", "name": "images/services/img_1.jpg", "modified": "2019-03-30T20:52:44.347Z"}}, {"model": "easy_thumbnails.source", "pk": 30, "fields": {"storage_hash": "f9bde26a1556cd667f742bd34ec7c55e", "name": "images/hero_bg_2_qw5F77u.jpg", "modified": "2019-03-30T22:59:29.217Z"}}, {"model": "easy_thumbnails.source", "pk": 31, "fields": {"storage_hash": "f9bde26a1556cd667f742bd34ec7c55e", "name": "images/hero_bg_2_RevONHI.jpg", "modified": "2019-03-30T22:59:29.766Z"}}, {"model": "easy_thumbnails.source", "pk": 32, "fields": {"storage_hash": "f9bde26a1556cd667f742bd34ec7c55e", "name": "images/person_5_ZCDN5iH.jpg", "modified": "2019-03-30T22:59:49.183Z"}}, {"model": "easy_thumbnails.source", "pk": 33, "fields": {"storage_hash": "f9bde26a1556cd667f742bd34ec7c55e", "name": "images/awards_logos/iso_logo_BzkhAc8.png", "modified": "2019-03-31T00:01:56.549Z"}}, {"model": "easy_thumbnails.source", "pk": 34, "fields": {"storage_hash": "f9bde26a1556cd667f742bd34ec7c55e", "name": "images/awards_logos/person_2.jpg", "modified": "2019-03-31T00:02:22.155Z"}}, {"model": "easy_thumbnails.source", "pk": 35, "fields": {"storage_hash": "f9bde26a1556cd667f742bd34ec7c55e", "name": "images/awards_logos/iso_logo_evNQ2zP.png", "modified": "2019-04-09T15:54:48.150Z"}}, {"model": "easy_thumbnails.source", "pk": 36, "fields": {"storage_hash": "f9bde26a1556cd667f742bd34ec7c55e", "name": "images/partnerships_logos/iso_logo_i7CU6RA.png", "modified": "2019-04-09T15:57:16.214Z"}}, {"model": "easy_thumbnails.source", "pk": 37, "fields": {"storage_hash": "f9bde26a1556cd667f742bd34ec7c55e", "name": "images/person_5_kIvLD8V.jpg", "modified": "2019-03-31T00:47:53.947Z"}}, {"model": "easy_thumbnails.source", "pk": 38, "fields": {"storage_hash": "f9bde26a1556cd667f742bd34ec7c55e", "name": "images/products/hero_bg_1.jpg", "modified": "2019-03-31T15:47:19.400Z"}}, {"model": "easy_thumbnails.source", "pk": 39, "fields": {"storage_hash": "f9bde26a1556cd667f742bd34ec7c55e", "name": "images/products/900.jpg", "modified": "2019-03-31T15:50:40.470Z"}}, {"model": "easy_thumbnails.source", "pk": 40, "fields": {"storage_hash": "f9bde26a1556cd667f742bd34ec7c55e", "name": "images/staff/person_1.jpg", "modified": "2019-04-01T12:24:18.063Z"}}, {"model": "easy_thumbnails.source", "pk": 41, "fields": {"storage_hash": "f9bde26a1556cd667f742bd34ec7c55e", "name": "images/staff/person_2_PpL9SJU.jpg", "modified": "2019-04-01T12:24:48.137Z"}}, {"model": "easy_thumbnails.source", "pk": 42, "fields": {"storage_hash": "f9bde26a1556cd667f742bd34ec7c55e", "name": "images/c4e6ae48-9045-413c-8933-f4f8073b772f.jpg", "modified": "2019-04-01T17:03:10.730Z"}}, {"model": "easy_thumbnails.source", "pk": 43, "fields": {"storage_hash": "f9bde26a1556cd667f742bd34ec7c55e", "name": "images/staff/60b94dee-4476-49c8-ab79-69ecd03e87ac.jpg", "modified": "2019-04-01T17:11:58.702Z"}}, {"model": "easy_thumbnails.source", "pk": 44, "fields": {"storage_hash": "f9bde26a1556cd667f742bd34ec7c55e", "name": "images/staff/img_4.jpg", "modified": "2019-04-01T18:55:44.638Z"}}, {"model": "easy_thumbnails.source", "pk": 45, "fields": {"storage_hash": "f9bde26a1556cd667f742bd34ec7c55e", "name": "images/staff/person_2.jpg", "modified": "2019-04-01T18:55:44.745Z"}}, {"model": "easy_thumbnails.source", "pk": 46, "fields": {"storage_hash": "f9bde26a1556cd667f742bd34ec7c55e", "name": "images/customers/person_3.jpg", "modified": "2019-04-02T09:58:36.301Z"}}, {"model": "easy_thumbnails.source", "pk": 47, "fields": {"storage_hash": "f9bde26a1556cd667f742bd34ec7c55e", "name": "images/customers/person_5.jpg", "modified": "2019-04-02T10:02:56.116Z"}}, {"model": "easy_thumbnails.source", "pk": 48, "fields": {"storage_hash": "f9bde26a1556cd667f742bd34ec7c55e", "name": "images/staff/person_2_Goi89X8.jpg", "modified": "2019-04-07T02:38:39.306Z"}}, {"model": "easy_thumbnails.source", "pk": 49, "fields": {"storage_hash": "f9bde26a1556cd667f742bd34ec7c55e", "name": "images/customers/person_1.jpg", "modified": "2019-04-07T14:23:51.367Z"}}, {"model": "easy_thumbnails.source", "pk": 50, "fields": {"storage_hash": "f9bde26a1556cd667f742bd34ec7c55e", "name": "images/customers/hero_bg_3.jpg", "modified": "2019-04-07T15:25:51.768Z"}}, {"model": "easy_thumbnails.source", "pk": 51, "fields": {"storage_hash": "f9bde26a1556cd667f742bd34ec7c55e", "name": "images/home/person_4.jpg", "modified": "2019-04-08T17:25:43.448Z"}}, {"model": "easy_thumbnails.source", "pk": 52, "fields": {"storage_hash": "f9bde26a1556cd667f742bd34ec7c55e", "name": "images/home/hero_bg_2.jpg", "modified": "2019-04-08T17:20:28.314Z"}}, {"model": "easy_thumbnails.source", "pk": 53, "fields": {"storage_hash": "f9bde26a1556cd667f742bd34ec7c55e", "name": "images/home/person_6.jpg", "modified": "2019-04-08T17:27:17.097Z"}}, {"model": "easy_thumbnails.source", "pk": 54, "fields": {"storage_hash": "f9bde26a1556cd667f742bd34ec7c55e", "name": "images/home/hero_bg_3.jpg", "modified": "2019-04-08T17:27:46.539Z"}}, {"model": "easy_thumbnails.source", "pk": 55, "fields": {"storage_hash": "f9bde26a1556cd667f742bd34ec7c55e", "name": "images/about_picture/img_2.jpg", "modified": "2019-04-08T19:10:56.289Z"}}, {"model": "easy_thumbnails.source", "pk": 56, "fields": {"storage_hash": "f9bde26a1556cd667f742bd34ec7c55e", "name": "images/about_picture/person_3_MbsA0hH.jpg", "modified": "2019-04-08T19:27:46.905Z"}}, {"model": "easy_thumbnails.source", "pk": 57, "fields": {"storage_hash": "f9bde26a1556cd667f742bd34ec7c55e", "name": "images/about_picture/person_3_TaBkrN8.jpg", "modified": "2019-04-08T19:28:07.393Z"}}, {"model": "easy_thumbnails.source", "pk": 58, "fields": {"storage_hash": "f9bde26a1556cd667f742bd34ec7c55e", "name": "images/customers/person_4.jpg", "modified": "2019-04-08T21:14:10.471Z"}}, {"model": "easy_thumbnails.source", "pk": 59, "fields": {"storage_hash": "f9bde26a1556cd667f742bd34ec7c55e", "name": "images/customers/img_5.jpg", "modified": "2019-04-08T21:27:56.505Z"}}, {"model": "easy_thumbnails.source", "pk": 60, "fields": {"storage_hash": "f9bde26a1556cd667f742bd34ec7c55e", "name": "images/customers/default.jpg", "modified": "2019-04-08T21:36:08.005Z"}}, {"model": "easy_thumbnails.source", "pk": 61, "fields": {"storage_hash": "f9bde26a1556cd667f742bd34ec7c55e", "name": "images/customers/img_5_XSomsSR.jpg", "modified": "2019-04-09T17:03:51.561Z"}}, {"model": "easy_thumbnails.source", "pk": 62, "fields": {"storage_hash": "f9bde26a1556cd667f742bd34ec7c55e", "name": "images/about_picture/img_2_uLfmgTb.jpg", "modified": "2019-04-09T18:50:20.221Z"}}, {"model": "easy_thumbnails.source", "pk": 63, "fields": {"storage_hash": "f9bde26a1556cd667f742bd34ec7c55e", "name": "images/customers/img_2.jpg", "modified": "2019-04-09T19:02:43.765Z"}}, {"model": "easy_thumbnails.source", "pk": 64, "fields": {"storage_hash": "f9bde26a1556cd667f742bd34ec7c55e", "name": "images/home/img_2_1hhuFtX.jpg", "modified": "2019-04-10T16:45:37.923Z"}}, {"model": "easy_thumbnails.source", "pk": 65, "fields": {"storage_hash": "f9bde26a1556cd667f742bd34ec7c55e", "name": "images/products/img_5.jpg", "modified": "2019-04-10T22:04:49.807Z"}}, {"model": "easy_thumbnails.source", "pk": 66, "fields": {"storage_hash": "f9bde26a1556cd667f742bd34ec7c55e", "name": "images/staff/car_0DvHFgI.png", "modified": "2019-04-17T16:02:47.262Z"}}, {"model": "easy_thumbnails.source", "pk": 67, "fields": {"storage_hash": "f9bde26a1556cd667f742bd34ec7c55e", "name": "images/staff/car.png", "modified": "2019-04-17T16:02:47.281Z"}}, {"model": "easy_thumbnails.source", "pk": 68, "fields": {"storage_hash": "f9bde26a1556cd667f742bd34ec7c55e", "name": "images/customers/default_0O7U78D.jpg", "modified": "2019-04-18T13:14:46.063Z"}}, {"model": "easy_thumbnails.source", "pk": 69, "fields": {"storage_hash": "f9bde26a1556cd667f742bd34ec7c55e", "name": "images/customers/hero_bg_3_FKl5meM.jpg", "modified": "2019-04-18T13:14:46.256Z"}}, {"model": "easy_thumbnails.source", "pk": 70, "fields": {"storage_hash": "f9bde26a1556cd667f742bd34ec7c55e", "name": "images/customers/hero_bg_3_M4hkFHY.jpg", "modified": "2019-04-18T13:14:46.531Z"}}, {"model": "easy_thumbnails.source", "pk": 71, "fields": {"storage_hash": "f9bde26a1556cd667f742bd34ec7c55e", "name": "images/customers/person_1_supS8vg.jpg", "modified": "2019-04-18T13:14:46.726Z"}}, {"model": "easy_thumbnails.source", "pk": 72, "fields": {"storage_hash": "f9bde26a1556cd667f742bd34ec7c55e", "name": "images/staff/default_DO2FU6j.jpeg", "modified": "2019-04-18T13:22:02.940Z"}}, {"model": "easy_thumbnails.source", "pk": 73, "fields": {"storage_hash": "f9bde26a1556cd667f742bd34ec7c55e", "name": "images/staff/car_7HpmXzM.png", "modified": "2019-04-18T13:22:02.990Z"}}, {"model": "easy_thumbnails.source", "pk": 74, "fields": {"storage_hash": "f9bde26a1556cd667f742bd34ec7c55e", "name": "images/staff/hero_bg_3.jpg", "modified": "2019-04-18T14:00:03.899Z"}}, {"model": "easy_thumbnails.source", "pk": 75, "fields": {"storage_hash": "f9bde26a1556cd667f742bd34ec7c55e", "name": "images/article_images/person_1.jpg", "modified": "2019-04-22T23:49:46.767Z"}}, {"model": "easy_thumbnails.source", "pk": 76, "fields": {"storage_hash": "f9bde26a1556cd667f742bd34ec7c55e", "name": "images/article_images/person_3.jpg", "modified": "2019-04-22T23:49:46.797Z"}}, {"model": "easy_thumbnails.source", "pk": 77, "fields": {"storage_hash": "f9bde26a1556cd667f742bd34ec7c55e", "name": "images/article_images/person_1_bdIvU7I.jpg", "modified": "2019-04-23T01:24:34.001Z"}}, {"model": "easy_thumbnails.source", "pk": 78, "fields": {"storage_hash": "f9bde26a1556cd667f742bd34ec7c55e", "name": "images/article_images/person_3_3Caf1Oq.jpg", "modified": "2019-04-23T01:24:34.070Z"}}, {"model": "easy_thumbnails.source", "pk": 79, "fields": {"storage_hash": "f9bde26a1556cd667f742bd34ec7c55e", "name": "images/article_images/img_5.jpg", "modified": "2019-04-23T01:28:48.025Z"}}, {"model": "easy_thumbnails.source", "pk": 80, "fields": {"storage_hash": "f9bde26a1556cd667f742bd34ec7c55e", "name": "images/article_images/img_5_8NlBnlf.jpg", "modified": "2019-04-23T01:28:48.068Z"}}, {"model": "easy_thumbnails.source", "pk": 81, "fields": {"storage_hash": "f9bde26a1556cd667f742bd34ec7c55e", "name": "images/article_images/img_5_JCn7Po5.jpg", "modified": "2019-04-23T01:29:46.343Z"}}, {"model": "easy_thumbnails.source", "pk": 82, "fields": {"storage_hash": "f9bde26a1556cd667f742bd34ec7c55e", "name": "images/article_images/person_5.jpg", "modified": "2019-04-23T01:29:46.378Z"}}, {"model": "easy_thumbnails.source", "pk": 83, "fields": {"storage_hash": "f9bde26a1556cd667f742bd34ec7c55e", "name": "images/staff/hero_bg_2.jpg", "modified": "2019-04-23T02:04:29.872Z"}}, {"model": "easy_thumbnails.source", "pk": 84, "fields": {"storage_hash": "f9bde26a1556cd667f742bd34ec7c55e", "name": "images/about_picture/hero_bg_3.jpg", "modified": "2019-04-23T02:16:42.741Z"}}, {"model": "easy_thumbnails.source", "pk": 85, "fields": {"storage_hash": "f9bde26a1556cd667f742bd34ec7c55e", "name": "images/partnerships_logos/sam_logo_eKZ8ztV.png", "modified": "2019-04-23T13:48:08.420Z"}}, {"model": "easy_thumbnails.source", "pk": 86, "fields": {"storage_hash": "f9bde26a1556cd667f742bd34ec7c55e", "name": "images/partnerships_logos/sam_logo.png", "modified": "2019-04-23T13:50:01.575Z"}}, {"model": "easy_thumbnails.source", "pk": 87, "fields": {"storage_hash": "f9bde26a1556cd667f742bd34ec7c55e", "name": "images/article_images/hero_bg_3.jpg", "modified": "2019-04-23T17:06:18.864Z"}}, {"model": "easy_thumbnails.thumbnail", "pk": 1, "fields": {"storage_hash": "d26becbf46ac48eda79c7a39a13a02dd", "name": "images\\person_3.jpg.500x500_q100_crop.jpg", "modified": "2019-03-28T03:42:33.013Z", "source": 1}}, {"model": "easy_thumbnails.thumbnail", "pk": 2, "fields": {"storage_hash": "d26becbf46ac48eda79c7a39a13a02dd", "name": "images\\person_6_Wke7PWB.jpg.500x500_q100_crop.jpg", "modified": "2019-03-28T03:42:43.718Z", "source": 2}}, {"model": "easy_thumbnails.thumbnail", "pk": 3, "fields": {"storage_hash": "d26becbf46ac48eda79c7a39a13a02dd", "name": "images\\img_4_7hQ8tYm.jpg.500x500_q100_crop.jpg", "modified": "2019-03-28T03:42:51.845Z", "source": 3}}, {"model": "easy_thumbnails.thumbnail", "pk": 4, "fields": {"storage_hash": "d26becbf46ac48eda79c7a39a13a02dd", "name": "images\\img_5_7XuQkeo.jpg.500x500_q100_crop.jpg", "modified": "2019-03-28T03:43:02.617Z", "source": 4}}, {"model": "easy_thumbnails.thumbnail", "pk": 5, "fields": {"storage_hash": "d26becbf46ac48eda79c7a39a13a02dd", "name": "images\\img_1_A7T4d6o.jpg.500x500_q100_crop.jpg", "modified": "2019-03-28T03:43:10.664Z", "source": 5}}, {"model": "easy_thumbnails.thumbnail", "pk": 6, "fields": {"storage_hash": "d26becbf46ac48eda79c7a39a13a02dd", "name": "images\\person_4_q9sk00u.jpg.500x500_q100_crop.jpg", "modified": "2019-03-28T03:43:20.961Z", "source": 6}}, {"model": "easy_thumbnails.thumbnail", "pk": 7, "fields": {"storage_hash": "d26becbf46ac48eda79c7a39a13a02dd", "name": "images\\person_2.jpg.500x500_q100_crop.jpg", "modified": "2019-03-28T03:43:39.832Z", "source": 7}}, {"model": "easy_thumbnails.thumbnail", "pk": 8, "fields": {"storage_hash": "d26becbf46ac48eda79c7a39a13a02dd", "name": "images\\hero_bg_3.jpg.500x500_q100_crop.jpg", "modified": "2019-03-28T03:43:47.881Z", "source": 8}}, {"model": "easy_thumbnails.thumbnail", "pk": 9, "fields": {"storage_hash": "d26becbf46ac48eda79c7a39a13a02dd", "name": "images\\img_5_76ofrOR.jpg.500x500_q100_crop.jpg", "modified": "2019-03-28T11:15:33.330Z", "source": 9}}, {"model": "easy_thumbnails.thumbnail", "pk": 10, "fields": {"storage_hash": "d26becbf46ac48eda79c7a39a13a02dd", "name": "images\\img_3_WP06U1o.jpg.500x500_q100_crop.jpg", "modified": "2019-03-28T18:22:12.273Z", "source": 10}}, {"model": "easy_thumbnails.thumbnail", "pk": 11, "fields": {"storage_hash": "d26becbf46ac48eda79c7a39a13a02dd", "name": "images/awards_logos\\iso_logo.png.500x500_q100_crop.png", "modified": "2019-03-29T02:35:54.351Z", "source": 11}}, {"model": "easy_thumbnails.thumbnail", "pk": 12, "fields": {"storage_hash": "d26becbf46ac48eda79c7a39a13a02dd", "name": "images/awards_logos\\iso_logo_etIMXoM.png.500x500_q100_crop.png", "modified": "2019-03-29T02:38:35.574Z", "source": 12}}, {"model": "easy_thumbnails.thumbnail", "pk": 13, "fields": {"storage_hash": "d26becbf46ac48eda79c7a39a13a02dd", "name": "images/awards_logos\\iso_logo_etIMXoM.png.100x100_q100_crop.png", "modified": "2019-03-29T02:39:03.196Z", "source": 12}}, {"model": "easy_thumbnails.thumbnail", "pk": 14, "fields": {"storage_hash": "d26becbf46ac48eda79c7a39a13a02dd", "name": "images/awards_logos\\iso_logo_etIMXoM.png.100x100_q50_crop.png", "modified": "2019-03-29T02:41:03.712Z", "source": 12}}, {"model": "easy_thumbnails.thumbnail", "pk": 15, "fields": {"storage_hash": "d26becbf46ac48eda79c7a39a13a02dd", "name": "images/awards_logos\\iso_logo_etIMXoM.png.100x100_q100.png", "modified": "2019-03-29T02:41:17.595Z", "source": 12}}, {"model": "easy_thumbnails.thumbnail", "pk": 16, "fields": {"storage_hash": "d26becbf46ac48eda79c7a39a13a02dd", "name": "images/awards_logos\\iso_logo_etIMXoM.png.200x200_q100.png", "modified": "2019-03-29T02:43:43.983Z", "source": 12}}, {"model": "easy_thumbnails.thumbnail", "pk": 17, "fields": {"storage_hash": "d26becbf46ac48eda79c7a39a13a02dd", "name": "images/awards_logos\\cms_logo.png.200x200_q100.png", "modified": "2019-03-29T02:57:07.231Z", "source": 13}}, {"model": "easy_thumbnails.thumbnail", "pk": 18, "fields": {"storage_hash": "d26becbf46ac48eda79c7a39a13a02dd", "name": "images/awards_logos\\cms_logo_bskP4Rv.png.200x200_q100.png", "modified": "2019-03-29T02:57:39.275Z", "source": 14}}, {"model": "easy_thumbnails.thumbnail", "pk": 19, "fields": {"storage_hash": "d26becbf46ac48eda79c7a39a13a02dd", "name": "images/awards_logos\\sam_logo.png.200x200_q100.png", "modified": "2019-03-29T03:00:28.650Z", "source": 15}}, {"model": "easy_thumbnails.thumbnail", "pk": 20, "fields": {"storage_hash": "d26becbf46ac48eda79c7a39a13a02dd", "name": "images/awards_logos\\sam_logo_StzUzhT.png.200x200_q100.png", "modified": "2019-03-29T03:01:39.833Z", "source": 16}}, {"model": "easy_thumbnails.thumbnail", "pk": 21, "fields": {"storage_hash": "d26becbf46ac48eda79c7a39a13a02dd", "name": "images/awards_logos\\cms_logo_bskP4Rv.png.500x500_q100_crop.png", "modified": "2019-03-29T03:09:29.394Z", "source": 14}}, {"model": "easy_thumbnails.thumbnail", "pk": 22, "fields": {"storage_hash": "d26becbf46ac48eda79c7a39a13a02dd", "name": "images/awards_logos\\cms_logo_bskP4Rv.png.400x400_q100.png", "modified": "2019-03-29T03:10:55.550Z", "source": 14}}, {"model": "easy_thumbnails.thumbnail", "pk": 23, "fields": {"storage_hash": "d26becbf46ac48eda79c7a39a13a02dd", "name": "images/awards_logos\\cms_logo_bskP4Rv.png.300x300_q100.png", "modified": "2019-03-29T03:11:08.585Z", "source": 14}}, {"model": "easy_thumbnails.thumbnail", "pk": 24, "fields": {"storage_hash": "d26becbf46ac48eda79c7a39a13a02dd", "name": "images/awards_logos\\iso_logo_etIMXoM.png.300x300_q100.png", "modified": "2019-03-29T03:11:25.054Z", "source": 12}}, {"model": "easy_thumbnails.thumbnail", "pk": 25, "fields": {"storage_hash": "d26becbf46ac48eda79c7a39a13a02dd", "name": "images/awards_logos\\cms_logo_bskP4Rv.png.100x100_q100.png", "modified": "2019-03-29T03:19:06.515Z", "source": 14}}, {"model": "easy_thumbnails.thumbnail", "pk": 26, "fields": {"storage_hash": "d26becbf46ac48eda79c7a39a13a02dd", "name": "images/partnerships_logos\\cms_logo.png.200x200_q100.png", "modified": "2019-04-23T13:50:16.574Z", "source": 17}}, {"model": "easy_thumbnails.thumbnail", "pk": 27, "fields": {"storage_hash": "d26becbf46ac48eda79c7a39a13a02dd", "name": "images/partnerships_logos\\cms_logo_g0R2I0R.png.200x200_q100.png", "modified": "2019-03-29T16:41:38.705Z", "source": 18}}, {"model": "easy_thumbnails.thumbnail", "pk": 28, "fields": {"storage_hash": "d26becbf46ac48eda79c7a39a13a02dd", "name": "images/partnerships_logos\\cms_logo_bGAYFqZ.png.200x200_q100.png", "modified": "2019-03-29T16:41:38.824Z", "source": 19}}, {"model": "easy_thumbnails.thumbnail", "pk": 29, "fields": {"storage_hash": "d26becbf46ac48eda79c7a39a13a02dd", "name": "images/partnerships_logos\\cms_logo_GeG7Kg1.png.200x200_q100.png", "modified": "2019-03-29T16:41:38.937Z", "source": 20}}, {"model": "easy_thumbnails.thumbnail", "pk": 30, "fields": {"storage_hash": "d26becbf46ac48eda79c7a39a13a02dd", "name": "images/partnerships_logos\\cms_logo_g2tWue9.png.200x200_q100.png", "modified": "2019-03-29T16:41:39.050Z", "source": 21}}, {"model": "easy_thumbnails.thumbnail", "pk": 31, "fields": {"storage_hash": "d26becbf46ac48eda79c7a39a13a02dd", "name": "images/partnerships_logos\\cms_logo_ybgCYSP.png.200x200_q100.png", "modified": "2019-03-29T16:42:06.694Z", "source": 22}}, {"model": "easy_thumbnails.thumbnail", "pk": 32, "fields": {"storage_hash": "d26becbf46ac48eda79c7a39a13a02dd", "name": "images/partnerships_logos\\cms_logo.png.100x100_q100.png", "modified": "2019-03-29T16:44:14.200Z", "source": 17}}, {"model": "easy_thumbnails.thumbnail", "pk": 33, "fields": {"storage_hash": "d26becbf46ac48eda79c7a39a13a02dd", "name": "images/partnerships_logos\\iso_logo.png.200x200_q100.png", "modified": "2019-04-23T13:49:45.055Z", "source": 23}}, {"model": "easy_thumbnails.thumbnail", "pk": 34, "fields": {"storage_hash": "d26becbf46ac48eda79c7a39a13a02dd", "name": "default.jpeg.200x200_q100.jpg", "modified": "2019-03-29T16:48:24.574Z", "source": 24}}, {"model": "easy_thumbnails.thumbnail", "pk": 35, "fields": {"storage_hash": "d26becbf46ac48eda79c7a39a13a02dd", "name": "images/partnerships_logos\\sam_logo_oQMeLLY.png.200x200_q100.png", "modified": "2019-03-29T16:48:51.394Z", "source": 25}}, {"model": "easy_thumbnails.thumbnail", "pk": 36, "fields": {"storage_hash": "d26becbf46ac48eda79c7a39a13a02dd", "name": "images\\person_6_jRqC1CG.jpg.500x500_q100_crop.jpg", "modified": "2019-03-29T16:54:25.408Z", "source": 26}}, {"model": "easy_thumbnails.thumbnail", "pk": 37, "fields": {"storage_hash": "d26becbf46ac48eda79c7a39a13a02dd", "name": "images/services\\person_4_8L44gay.jpg.200x200_q100.jpg", "modified": "2019-03-30T20:52:44.232Z", "source": 27}}, {"model": "easy_thumbnails.thumbnail", "pk": 38, "fields": {"storage_hash": "d26becbf46ac48eda79c7a39a13a02dd", "name": "images/services\\person_4.jpg.200x200_q100.jpg", "modified": "2019-03-30T20:52:44.290Z", "source": 28}}, {"model": "easy_thumbnails.thumbnail", "pk": 39, "fields": {"storage_hash": "d26becbf46ac48eda79c7a39a13a02dd", "name": "images/services\\img_1.jpg.200x200_q100.jpg", "modified": "2019-03-30T20:52:44.362Z", "source": 29}}, {"model": "easy_thumbnails.thumbnail", "pk": 40, "fields": {"storage_hash": "d26becbf46ac48eda79c7a39a13a02dd", "name": "images\\hero_bg_2_qw5F77u.jpg.500x500_q100_crop.jpg", "modified": "2019-03-30T22:59:29.234Z", "source": 30}}, {"model": "easy_thumbnails.thumbnail", "pk": 41, "fields": {"storage_hash": "d26becbf46ac48eda79c7a39a13a02dd", "name": "images\\hero_bg_2_RevONHI.jpg.500x500_q100_crop.jpg", "modified": "2019-03-30T22:59:29.806Z", "source": 31}}, {"model": "easy_thumbnails.thumbnail", "pk": 42, "fields": {"storage_hash": "d26becbf46ac48eda79c7a39a13a02dd", "name": "images\\person_5_ZCDN5iH.jpg.500x500_q100_crop.jpg", "modified": "2019-03-30T22:59:49.221Z", "source": 32}}, {"model": "easy_thumbnails.thumbnail", "pk": 43, "fields": {"storage_hash": "d26becbf46ac48eda79c7a39a13a02dd", "name": "images/awards_logos\\iso_logo_BzkhAc8.png.200x200_q100.png", "modified": "2019-03-31T00:01:44.618Z", "source": 33}}, {"model": "easy_thumbnails.thumbnail", "pk": 44, "fields": {"storage_hash": "d26becbf46ac48eda79c7a39a13a02dd", "name": "images/awards_logos\\iso_logo_BzkhAc8.png.100x100_q100.png", "modified": "2019-03-31T00:01:56.601Z", "source": 33}}, {"model": "easy_thumbnails.thumbnail", "pk": 45, "fields": {"storage_hash": "d26becbf46ac48eda79c7a39a13a02dd", "name": "images/awards_logos\\person_2.jpg.200x200_q100.jpg", "modified": "2019-03-31T00:02:18.838Z", "source": 34}}, {"model": "easy_thumbnails.thumbnail", "pk": 46, "fields": {"storage_hash": "d26becbf46ac48eda79c7a39a13a02dd", "name": "images/awards_logos\\person_2.jpg.100x100_q100.jpg", "modified": "2019-03-31T00:02:22.204Z", "source": 34}}, {"model": "easy_thumbnails.thumbnail", "pk": 47, "fields": {"storage_hash": "d26becbf46ac48eda79c7a39a13a02dd", "name": "images/awards_logos\\iso_logo_evNQ2zP.png.200x200_q100.png", "modified": "2019-03-31T00:02:28.111Z", "source": 35}}, {"model": "easy_thumbnails.thumbnail", "pk": 48, "fields": {"storage_hash": "d26becbf46ac48eda79c7a39a13a02dd", "name": "images/partnerships_logos\\iso_logo.png.100x100_q100.png", "modified": "2019-04-23T13:49:48.561Z", "source": 23}}, {"model": "easy_thumbnails.thumbnail", "pk": 49, "fields": {"storage_hash": "d26becbf46ac48eda79c7a39a13a02dd", "name": "images/partnerships_logos\\iso_logo_i7CU6RA.png.200x200_q100.png", "modified": "2019-03-31T00:03:30.267Z", "source": 36}}, {"model": "easy_thumbnails.thumbnail", "pk": 50, "fields": {"storage_hash": "d26becbf46ac48eda79c7a39a13a02dd", "name": "images\\person_5_kIvLD8V.jpg.500x500_q100_crop.jpg", "modified": "2019-03-31T00:47:53.965Z", "source": 37}}, {"model": "easy_thumbnails.thumbnail", "pk": 51, "fields": {"storage_hash": "d26becbf46ac48eda79c7a39a13a02dd", "name": "images/awards_logos\\sam_logo.png.100x100_q100.png", "modified": "2019-03-31T01:24:49.697Z", "source": 15}}, {"model": "easy_thumbnails.thumbnail", "pk": 52, "fields": {"storage_hash": "d26becbf46ac48eda79c7a39a13a02dd", "name": "images/awards_logos\\iso_logo_evNQ2zP.png.100x100_q100.png", "modified": "2019-03-31T01:27:59.862Z", "source": 35}}, {"model": "easy_thumbnails.thumbnail", "pk": 53, "fields": {"storage_hash": "d26becbf46ac48eda79c7a39a13a02dd", "name": "images/partnerships_logos\\sam_logo_oQMeLLY.png.100x100_q100.png", "modified": "2019-03-31T01:28:14.170Z", "source": 25}}, {"model": "easy_thumbnails.thumbnail", "pk": 54, "fields": {"storage_hash": "d26becbf46ac48eda79c7a39a13a02dd", "name": "images/products\\hero_bg_1.jpg.500x500_q100_crop.jpg", "modified": "2019-03-31T15:47:19.441Z", "source": 38}}, {"model": "easy_thumbnails.thumbnail", "pk": 55, "fields": {"storage_hash": "d26becbf46ac48eda79c7a39a13a02dd", "name": "images/products\\900.jpg.500x500_q100_crop.jpg", "modified": "2019-03-31T15:50:40.485Z", "source": 39}}, {"model": "easy_thumbnails.thumbnail", "pk": 56, "fields": {"storage_hash": "d26becbf46ac48eda79c7a39a13a02dd", "name": "images/staff\\person_1.jpg.500x500_q100_crop.jpg", "modified": "2019-04-01T12:24:18.092Z", "source": 40}}, {"model": "easy_thumbnails.thumbnail", "pk": 57, "fields": {"storage_hash": "d26becbf46ac48eda79c7a39a13a02dd", "name": "images/staff\\person_2_PpL9SJU.jpg.500x500_q100_crop.jpg", "modified": "2019-04-01T12:24:48.177Z", "source": 41}}, {"model": "easy_thumbnails.thumbnail", "pk": 58, "fields": {"storage_hash": "d26becbf46ac48eda79c7a39a13a02dd", "name": "images\\c4e6ae48-9045-413c-8933-f4f8073b772f.jpg.500x500_q100_crop.jpg", "modified": "2019-04-01T17:03:10.768Z", "source": 42}}, {"model": "easy_thumbnails.thumbnail", "pk": 59, "fields": {"storage_hash": "d26becbf46ac48eda79c7a39a13a02dd", "name": "images/staff\\60b94dee-4476-49c8-ab79-69ecd03e87ac.jpg.500x500_q100_crop.jpg", "modified": "2019-04-01T17:11:58.723Z", "source": 43}}, {"model": "easy_thumbnails.thumbnail", "pk": 60, "fields": {"storage_hash": "d26becbf46ac48eda79c7a39a13a02dd", "name": "images/staff\\img_4.jpg.500x500_q100_crop.jpg", "modified": "2019-04-01T18:55:44.685Z", "source": 44}}, {"model": "easy_thumbnails.thumbnail", "pk": 61, "fields": {"storage_hash": "d26becbf46ac48eda79c7a39a13a02dd", "name": "images/staff\\person_2.jpg.500x500_q100_crop.jpg", "modified": "2019-04-01T18:55:44.760Z", "source": 45}}, {"model": "easy_thumbnails.thumbnail", "pk": 62, "fields": {"storage_hash": "d26becbf46ac48eda79c7a39a13a02dd", "name": "images/customers\\person_3.jpg.500x500_q100_crop.jpg", "modified": "2019-04-02T09:58:36.322Z", "source": 46}}, {"model": "easy_thumbnails.thumbnail", "pk": 63, "fields": {"storage_hash": "d26becbf46ac48eda79c7a39a13a02dd", "name": "images/customers\\person_5.jpg.500x500_q100_crop.jpg", "modified": "2019-04-02T10:02:56.146Z", "source": 47}}, {"model": "easy_thumbnails.thumbnail", "pk": 64, "fields": {"storage_hash": "d26becbf46ac48eda79c7a39a13a02dd", "name": "images/staff\\person_2_Goi89X8.jpg.500x500_q100_crop.jpg", "modified": "2019-04-07T02:38:39.336Z", "source": 48}}, {"model": "easy_thumbnails.thumbnail", "pk": 65, "fields": {"storage_hash": "d26becbf46ac48eda79c7a39a13a02dd", "name": "images/customers\\person_1.jpg.500x500_q100_crop.jpg", "modified": "2019-04-07T14:23:51.384Z", "source": 49}}, {"model": "easy_thumbnails.thumbnail", "pk": 66, "fields": {"storage_hash": "d26becbf46ac48eda79c7a39a13a02dd", "name": "images/customers\\hero_bg_3.jpg.500x500_q100_crop.jpg", "modified": "2019-04-07T15:25:51.796Z", "source": 50}}, {"model": "easy_thumbnails.thumbnail", "pk": 67, "fields": {"storage_hash": "d26becbf46ac48eda79c7a39a13a02dd", "name": "images/home\\person_4.jpg.200x200_q100.jpg", "modified": "2019-04-08T17:09:47.108Z", "source": 51}}, {"model": "easy_thumbnails.thumbnail", "pk": 68, "fields": {"storage_hash": "d26becbf46ac48eda79c7a39a13a02dd", "name": "images/home\\person_4.jpg.500x500_q100_crop.jpg", "modified": "2019-04-08T17:10:36.644Z", "source": 51}}, {"model": "easy_thumbnails.thumbnail", "pk": 69, "fields": {"storage_hash": "d26becbf46ac48eda79c7a39a13a02dd", "name": "images/home\\hero_bg_2.jpg.500x500_q100_crop.jpg", "modified": "2019-04-08T17:20:28.366Z", "source": 52}}, {"model": "easy_thumbnails.thumbnail", "pk": 70, "fields": {"storage_hash": "d26becbf46ac48eda79c7a39a13a02dd", "name": "images/home\\person_4.jpg.100x100_q100.jpg", "modified": "2019-04-08T17:25:43.489Z", "source": 51}}, {"model": "easy_thumbnails.thumbnail", "pk": 71, "fields": {"storage_hash": "d26becbf46ac48eda79c7a39a13a02dd", "name": "images/home\\person_6.jpg.500x500_q100_crop.jpg", "modified": "2019-04-08T17:27:17.117Z", "source": 53}}, {"model": "easy_thumbnails.thumbnail", "pk": 72, "fields": {"storage_hash": "d26becbf46ac48eda79c7a39a13a02dd", "name": "images/home\\hero_bg_3.jpg.500x500_q100_crop.jpg", "modified": "2019-04-08T17:27:46.581Z", "source": 54}}, {"model": "easy_thumbnails.thumbnail", "pk": 73, "fields": {"storage_hash": "d26becbf46ac48eda79c7a39a13a02dd", "name": "images/about_picture\\img_2.jpg.500x500_q100_crop.jpg", "modified": "2019-04-08T19:10:56.330Z", "source": 55}}, {"model": "easy_thumbnails.thumbnail", "pk": 74, "fields": {"storage_hash": "d26becbf46ac48eda79c7a39a13a02dd", "name": "images/about_picture\\person_3_MbsA0hH.jpg.500x500_q100_crop.jpg", "modified": "2019-04-08T19:27:46.923Z", "source": 56}}, {"model": "easy_thumbnails.thumbnail", "pk": 75, "fields": {"storage_hash": "d26becbf46ac48eda79c7a39a13a02dd", "name": "images/about_picture\\person_3_TaBkrN8.jpg.500x500_q100_crop.jpg", "modified": "2019-04-08T19:28:07.427Z", "source": 57}}, {"model": "easy_thumbnails.thumbnail", "pk": 76, "fields": {"storage_hash": "d26becbf46ac48eda79c7a39a13a02dd", "name": "images/customers\\person_4.jpg.500x500_q100_crop.jpg", "modified": "2019-04-08T21:14:10.513Z", "source": 58}}, {"model": "easy_thumbnails.thumbnail", "pk": 77, "fields": {"storage_hash": "d26becbf46ac48eda79c7a39a13a02dd", "name": "images/customers\\img_5.jpg.500x500_q100_crop.jpg", "modified": "2019-04-08T21:27:56.548Z", "source": 59}}, {"model": "easy_thumbnails.thumbnail", "pk": 78, "fields": {"storage_hash": "d26becbf46ac48eda79c7a39a13a02dd", "name": "images/customers\\default.jpg.500x500_q100_crop.jpg", "modified": "2019-04-08T21:36:08.026Z", "source": 60}}, {"model": "easy_thumbnails.thumbnail", "pk": 79, "fields": {"storage_hash": "d26becbf46ac48eda79c7a39a13a02dd", "name": "images/awards_logos\\sam_logo.png.500x500_q100_crop.png", "modified": "2019-04-09T15:51:52.155Z", "source": 15}}, {"model": "easy_thumbnails.thumbnail", "pk": 80, "fields": {"storage_hash": "d26becbf46ac48eda79c7a39a13a02dd", "name": "images/awards_logos\\iso_logo_evNQ2zP.png.500x500_q100_crop.png", "modified": "2019-04-09T15:51:52.615Z", "source": 35}}, {"model": "easy_thumbnails.thumbnail", "pk": 81, "fields": {"storage_hash": "d26becbf46ac48eda79c7a39a13a02dd", "name": "images/awards_logos\\cms_logo_bskP4Rv.png.500x500_q100.png", "modified": "2019-04-09T15:54:33.191Z", "source": 14}}, {"model": "easy_thumbnails.thumbnail", "pk": 82, "fields": {"storage_hash": "d26becbf46ac48eda79c7a39a13a02dd", "name": "images/awards_logos\\sam_logo.png.500x500_q100.png", "modified": "2019-04-09T15:54:33.483Z", "source": 15}}, {"model": "easy_thumbnails.thumbnail", "pk": 83, "fields": {"storage_hash": "d26becbf46ac48eda79c7a39a13a02dd", "name": "images/awards_logos\\iso_logo_evNQ2zP.png.500x500_q100.png", "modified": "2019-04-09T15:54:33.901Z", "source": 35}}, {"model": "easy_thumbnails.thumbnail", "pk": 84, "fields": {"storage_hash": "d26becbf46ac48eda79c7a39a13a02dd", "name": "images/awards_logos\\cms_logo_bskP4Rv.png.150x150_q100.png", "modified": "2019-04-09T15:54:47.878Z", "source": 14}}, {"model": "easy_thumbnails.thumbnail", "pk": 85, "fields": {"storage_hash": "d26becbf46ac48eda79c7a39a13a02dd", "name": "images/awards_logos\\sam_logo.png.150x150_q100.png", "modified": "2019-04-09T15:54:47.977Z", "source": 15}}, {"model": "easy_thumbnails.thumbnail", "pk": 86, "fields": {"storage_hash": "d26becbf46ac48eda79c7a39a13a02dd", "name": "images/awards_logos\\iso_logo_evNQ2zP.png.150x150_q100.png", "modified": "2019-04-09T15:54:48.166Z", "source": 35}}, {"model": "easy_thumbnails.thumbnail", "pk": 87, "fields": {"storage_hash": "d26becbf46ac48eda79c7a39a13a02dd", "name": "images/partnerships_logos\\sam_logo_oQMeLLY.png.150x150_q100.png", "modified": "2019-04-09T15:57:15.920Z", "source": 25}}, {"model": "easy_thumbnails.thumbnail", "pk": 88, "fields": {"storage_hash": "d26becbf46ac48eda79c7a39a13a02dd", "name": "images/partnerships_logos\\iso_logo_i7CU6RA.png.150x150_q100.png", "modified": "2019-04-09T15:57:16.258Z", "source": 36}}, {"model": "easy_thumbnails.thumbnail", "pk": 89, "fields": {"storage_hash": "d26becbf46ac48eda79c7a39a13a02dd", "name": "images/customers\\img_5_XSomsSR.jpg.500x500_q100_crop.jpg", "modified": "2019-04-09T17:03:51.586Z", "source": 61}}, {"model": "easy_thumbnails.thumbnail", "pk": 90, "fields": {"storage_hash": "d26becbf46ac48eda79c7a39a13a02dd", "name": "images/about_picture\\img_2_uLfmgTb.jpg.500x500_q100_crop.jpg", "modified": "2019-04-09T18:50:20.261Z", "source": 62}}, {"model": "easy_thumbnails.thumbnail", "pk": 91, "fields": {"storage_hash": "d26becbf46ac48eda79c7a39a13a02dd", "name": "images/customers\\img_2.jpg.500x500_q100_crop.jpg", "modified": "2019-04-09T19:02:43.807Z", "source": 63}}, {"model": "easy_thumbnails.thumbnail", "pk": 92, "fields": {"storage_hash": "d26becbf46ac48eda79c7a39a13a02dd", "name": "images/home\\img_2_1hhuFtX.jpg.500x500_q100_crop.jpg", "modified": "2019-04-10T16:45:37.940Z", "source": 64}}, {"model": "easy_thumbnails.thumbnail", "pk": 93, "fields": {"storage_hash": "d26becbf46ac48eda79c7a39a13a02dd", "name": "images/products\\img_5.jpg.500x500_q100_crop.jpg", "modified": "2019-04-10T22:04:49.824Z", "source": 65}}, {"model": "easy_thumbnails.thumbnail", "pk": 94, "fields": {"storage_hash": "d26becbf46ac48eda79c7a39a13a02dd", "name": "images/staff\\car_0DvHFgI.png.500x500_q100_crop.png", "modified": "2019-04-17T16:02:47.267Z", "source": 66}}, {"model": "easy_thumbnails.thumbnail", "pk": 95, "fields": {"storage_hash": "d26becbf46ac48eda79c7a39a13a02dd", "name": "images/staff\\car.png.500x500_q100_crop.png", "modified": "2019-04-17T16:02:47.283Z", "source": 67}}, {"model": "easy_thumbnails.thumbnail", "pk": 96, "fields": {"storage_hash": "d26becbf46ac48eda79c7a39a13a02dd", "name": "images/customers\\default_0O7U78D.jpg.500x500_q100_crop.jpg", "modified": "2019-04-18T13:14:46.082Z", "source": 68}}, {"model": "easy_thumbnails.thumbnail", "pk": 97, "fields": {"storage_hash": "d26becbf46ac48eda79c7a39a13a02dd", "name": "images/customers\\hero_bg_3_FKl5meM.jpg.500x500_q100_crop.jpg", "modified": "2019-04-18T13:14:46.277Z", "source": 69}}, {"model": "easy_thumbnails.thumbnail", "pk": 98, "fields": {"storage_hash": "d26becbf46ac48eda79c7a39a13a02dd", "name": "images/customers\\hero_bg_3_M4hkFHY.jpg.500x500_q100_crop.jpg", "modified": "2019-04-18T13:14:46.578Z", "source": 70}}, {"model": "easy_thumbnails.thumbnail", "pk": 99, "fields": {"storage_hash": "d26becbf46ac48eda79c7a39a13a02dd", "name": "images/customers\\person_1_supS8vg.jpg.500x500_q100_crop.jpg", "modified": "2019-04-18T13:14:46.750Z", "source": 71}}, {"model": "easy_thumbnails.thumbnail", "pk": 100, "fields": {"storage_hash": "d26becbf46ac48eda79c7a39a13a02dd", "name": "images/staff\\default_DO2FU6j.jpeg.500x500_q100_crop.jpg", "modified": "2019-04-18T13:22:02.966Z", "source": 72}}, {"model": "easy_thumbnails.thumbnail", "pk": 101, "fields": {"storage_hash": "d26becbf46ac48eda79c7a39a13a02dd", "name": "images/staff\\car_7HpmXzM.png.500x500_q100_crop.png", "modified": "2019-04-18T13:22:02.991Z", "source": 73}}, {"model": "easy_thumbnails.thumbnail", "pk": 102, "fields": {"storage_hash": "d26becbf46ac48eda79c7a39a13a02dd", "name": "images/staff\\hero_bg_3.jpg.500x500_q100_crop.jpg", "modified": "2019-04-18T14:00:03.950Z", "source": 74}}, {"model": "easy_thumbnails.thumbnail", "pk": 103, "fields": {"storage_hash": "d26becbf46ac48eda79c7a39a13a02dd", "name": "images/article_images\\person_1.jpg.300x300_q100_crop.jpg", "modified": "2019-04-22T23:49:46.770Z", "source": 75}}, {"model": "easy_thumbnails.thumbnail", "pk": 104, "fields": {"storage_hash": "d26becbf46ac48eda79c7a39a13a02dd", "name": "images/article_images\\person_3.jpg.300x300_q100_crop.jpg", "modified": "2019-04-22T23:49:46.799Z", "source": 76}}, {"model": "easy_thumbnails.thumbnail", "pk": 105, "fields": {"storage_hash": "d26becbf46ac48eda79c7a39a13a02dd", "name": "images/article_images\\person_1_bdIvU7I.jpg.300x300_q100_crop.jpg", "modified": "2019-04-23T01:24:34.028Z", "source": 77}}, {"model": "easy_thumbnails.thumbnail", "pk": 106, "fields": {"storage_hash": "d26becbf46ac48eda79c7a39a13a02dd", "name": "images/article_images\\person_3_3Caf1Oq.jpg.300x300_q100_crop.jpg", "modified": "2019-04-23T01:24:34.072Z", "source": 78}}, {"model": "easy_thumbnails.thumbnail", "pk": 107, "fields": {"storage_hash": "d26becbf46ac48eda79c7a39a13a02dd", "name": "images/article_images\\img_5.jpg.300x300_q100_crop.jpg", "modified": "2019-04-23T01:28:48.029Z", "source": 79}}, {"model": "easy_thumbnails.thumbnail", "pk": 108, "fields": {"storage_hash": "d26becbf46ac48eda79c7a39a13a02dd", "name": "images/article_images\\img_5_8NlBnlf.jpg.300x300_q100_crop.jpg", "modified": "2019-04-23T01:28:48.069Z", "source": 80}}, {"model": "easy_thumbnails.thumbnail", "pk": 109, "fields": {"storage_hash": "d26becbf46ac48eda79c7a39a13a02dd", "name": "images/article_images\\img_5_JCn7Po5.jpg.300x300_q100_crop.jpg", "modified": "2019-04-23T01:29:46.346Z", "source": 81}}, {"model": "easy_thumbnails.thumbnail", "pk": 110, "fields": {"storage_hash": "d26becbf46ac48eda79c7a39a13a02dd", "name": "images/article_images\\person_5.jpg.300x300_q100_crop.jpg", "modified": "2019-04-23T01:29:46.379Z", "source": 82}}, {"model": "easy_thumbnails.thumbnail", "pk": 111, "fields": {"storage_hash": "d26becbf46ac48eda79c7a39a13a02dd", "name": "images/staff\\hero_bg_2.jpg.500x500_q100_crop.jpg", "modified": "2019-04-23T02:04:29.900Z", "source": 83}}, {"model": "easy_thumbnails.thumbnail", "pk": 112, "fields": {"storage_hash": "d26becbf46ac48eda79c7a39a13a02dd", "name": "images/about_picture\\hero_bg_3.jpg.500x500_q100_crop.jpg", "modified": "2019-04-23T02:16:42.781Z", "source": 84}}, {"model": "easy_thumbnails.thumbnail", "pk": 113, "fields": {"storage_hash": "d26becbf46ac48eda79c7a39a13a02dd", "name": "images/partnerships_logos\\sam_logo_eKZ8ztV.png.200x200_q100.png", "modified": "2019-04-23T13:48:08.459Z", "source": 85}}, {"model": "easy_thumbnails.thumbnail", "pk": 114, "fields": {"storage_hash": "d26becbf46ac48eda79c7a39a13a02dd", "name": "images/partnerships_logos\\sam_logo.png.200x200_q100.png", "modified": "2019-04-23T13:50:01.590Z", "source": 86}}, {"model": "easy_thumbnails.thumbnail", "pk": 115, "fields": {"storage_hash": "d26becbf46ac48eda79c7a39a13a02dd", "name": "images/article_images\\hero_bg_3.jpg.300x300_q100_crop.jpg", "modified": "2019-04-23T17:06:18.892Z", "source": 87}}]